<metadata xml:lang="es"><Esri><CreaDate>20200727</CreaDate><CreaTime>11332000</CreaTime><ArcGISFormat>1.0</ArcGISFormat><SyncOnce>FALSE</SyncOnce><DataProperties><lineage><Process ToolSource="c:\program files (x86)\arcgis\desktop10.3\ArcToolbox\Toolboxes\Data Management Tools.tbx\CalculateField" Date="20200727" Time="113320">CalculateField MGN_ADM_DPTO_POLITICO DPTO_VGNC 2020 VB #</Process><Process ToolSource="c:\program files (x86)\arcgis\desktop10.3\ArcToolbox\Toolboxes\Data Management Tools.tbx\CalculateField" Date="20200727" Time="113457">CalculateField MGN_ADM_DPTO_POLITICO DPTO_NAREA !shape.area@SQUAREKILOMETERS! PYTHON_9.3 #</Process><Process ToolSource="c:\program files (x86)\arcgis\desktop10.5\ArcToolbox\Toolboxes\Data Management Tools.tbx\CalculateField" Date="20201005" Time="142503">CalculateField MGN_ADM_DPTO_POLITICO DPTO_CSMBLO "3" VB #</Process><Process ToolSource="c:\program files (x86)\arcgis\desktop10.5\ArcToolbox\Toolboxes\Conversion Tools.tbx\FeatureClassToFeatureClass" Date="20201029" Time="191335">FeatureClassToFeatureClass E:\JEZORAH\INSUMOS_CNPV\CM_CPB_2020\BASE_MGN_RURAL_CONSOLIDADA\BDG_MGN_RURAL_HOY.gdb\MGN_ADMIN\MGN_ADM_DPTO_POLITICO E:\JEZORAH\INSUMOS_CNPV\CM_CPB_2020\BASE_MGN_RURAL_CONSOLIDADA\BDG_MGN_RURAL_HOY.gdb\MGN_RURAL MGN_ADM_DPTO_POLITICO_1 # "DPTO_CCDGO "DPTO_CCDGO
" true true false 2 Text 0 0 ,First,#,E:\JEZORAH\INSUMOS_CNPV\CM_CPB_2020\BASE_MGN_RURAL_CONSOLIDADA\BDG_MGN_RURAL_HOY.gdb\MGN_ADMIN\MGN_ADM_DPTO_POLITICO,DPTO_CCDGO,-1,-1;DPTO_CNMBRE "DPTO_CNMBRE
" true true false 250 Text 0 0 ,First,#,E:\JEZORAH\INSUMOS_CNPV\CM_CPB_2020\BASE_MGN_RURAL_CONSOLIDADA\BDG_MGN_RURAL_HOY.gdb\MGN_ADMIN\MGN_ADM_DPTO_POLITICO,DPTO_CNMBRE,-1,-1;DPTO_ANO_CRCN "DPTO_ANO_CRCN
" true true false 2 Short 0 0 ,First,#,E:\JEZORAH\INSUMOS_CNPV\CM_CPB_2020\BASE_MGN_RURAL_CONSOLIDADA\BDG_MGN_RURAL_HOY.gdb\MGN_ADMIN\MGN_ADM_DPTO_POLITICO,DPTO_ANO_CRCN,-1,-1;DPTO_ACT_ADM "DPTO_ACT_ADM
" true true false 100 Text 0 0 ,First,#,E:\JEZORAH\INSUMOS_CNPV\CM_CPB_2020\BASE_MGN_RURAL_CONSOLIDADA\BDG_MGN_RURAL_HOY.gdb\MGN_ADMIN\MGN_ADM_DPTO_POLITICO,DPTO_ACT_ADM,-1,-1;DPTO_NAREA "DPTO_NAREA
" true true false 8 Double 0 0 ,First,#,E:\JEZORAH\INSUMOS_CNPV\CM_CPB_2020\BASE_MGN_RURAL_CONSOLIDADA\BDG_MGN_RURAL_HOY.gdb\MGN_ADMIN\MGN_ADM_DPTO_POLITICO,DPTO_NAREA,-1,-1;DPTO_CSMBLO "DPTO_CSMBLO
" true true false 3 Text 0 0 ,First,#,E:\JEZORAH\INSUMOS_CNPV\CM_CPB_2020\BASE_MGN_RURAL_CONSOLIDADA\BDG_MGN_RURAL_HOY.gdb\MGN_ADMIN\MGN_ADM_DPTO_POLITICO,DPTO_CSMBLO,-1,-1;DPTO_VGNC "DPTO_VGNC
" true true false 2 Short 0 0 ,First,#,E:\JEZORAH\INSUMOS_CNPV\CM_CPB_2020\BASE_MGN_RURAL_CONSOLIDADA\BDG_MGN_RURAL_HOY.gdb\MGN_ADMIN\MGN_ADM_DPTO_POLITICO,DPTO_VGNC,-1,-1;SHAPE_Length "SHAPE_Length" false true true 8 Double 0 0 ,First,#,E:\JEZORAH\INSUMOS_CNPV\CM_CPB_2020\BASE_MGN_RURAL_CONSOLIDADA\BDG_MGN_RURAL_HOY.gdb\MGN_ADMIN\MGN_ADM_DPTO_POLITICO,SHAPE_Length,-1,-1;SHAPE_Area "SHAPE_Area" false true true 8 Double 0 0 ,First,#,E:\JEZORAH\INSUMOS_CNPV\CM_CPB_2020\BASE_MGN_RURAL_CONSOLIDADA\BDG_MGN_RURAL_HOY.gdb\MGN_ADMIN\MGN_ADM_DPTO_POLITICO,SHAPE_Area,-1,-1" #</Process><Process ToolSource="c:\program files (x86)\arcgis\desktop10.5\ArcToolbox\Toolboxes\Data Management Tools.tbx\Append" Date="20211012" Time="121901">Append \\Dg-est003\INSUMOS_2021\ENTREGAS\05_ANTIOQUIA\GDB_CONTROL\GDB_DPTO_05_V5.gdb\MGN_RURAL\MGN_ADM_DPTO_POLITICO;\\Dg-est003\INSUMOS_2021\ENTREGAS\08_ATLANTICO\GDB_CONTROL\GDB_DPTO_08_V4.gdb\MGN_RURAL\MGN_ADM_DPTO_POLITICO;\\Dg-est003\INSUMOS_2021\ENTREGAS\11_BOGOTA_DC\GDB_CONTROL\GDB_DPTO_11_V2.gdb\MGN_RURAL\MGN_ADM_DPTO_POLITICO;\\Dg-est003\INSUMOS_2021\ENTREGAS\13_BOLIVAR\GDB_CONTROL\GDB_DPTO_13_V3.gdb\MGN_RURAL\MGN_ADM_DPTO_POLITICO;\\Dg-est003\INSUMOS_2021\ENTREGAS\15_BOYACA\GDB_CONTROL\GDB_DPTO_15_V4.gdb\MGN_RURAL\MGN_ADM_DPTO_POLITICO;\\Dg-est003\INSUMOS_2021\ENTREGAS\17_CALDAS\GDB_CONTROL\GDB_DPTO_17_V4.gdb\MGN_RURAL\MGN_ADM_DPTO_POLITICO;\\Dg-est003\INSUMOS_2021\ENTREGAS\18_CAQUETA\GDB_CONTROL\GDB_DPTO_18_V3.gdb\MGN_RURAL\MGN_ADM_DPTO_POLITICO;\\Dg-est003\INSUMOS_2021\ENTREGAS\19_CAUCA\GDB_CONTROL\GDB_DPTO_19_V4.gdb\MGN_RURAL\MGN_ADM_DPTO_POLITICO C:\Users\jcbustosd\Desktop\GDB_MGN_FINAL.gdb\MGN_RURAL\MGN_ADM_DPTO_POLITICO TEST # #</Process><Process ToolSource="c:\program files (x86)\arcgis\desktop10.5\ArcToolbox\Toolboxes\Data Management Tools.tbx\Append" Date="20211012" Time="123555">Append \\Dg-est003\INSUMOS_2021\ENTREGAS\20_CESAR\GDB_CONTROL\GDB_DPTO_20_V5.gdb\MGN_RURAL\MGN_ADM_DPTO_POLITICO;\\Dg-est003\INSUMOS_2021\ENTREGAS\23_CORDOBA\GDB_CONTROL\GDB_DPTO_23_V4.gdb\MGN_RURAL\MGN_ADM_DPTO_POLITICO;\\Dg-est003\INSUMOS_2021\ENTREGAS\25_CUNDINAMARCA\GDB_CONTROL\GDB_DPTO_25_V2.gdb\MGN_RURAL\MGN_ADM_DPTO_POLITICO;\\Dg-est003\INSUMOS_2021\ENTREGAS\27_CHOCO\GDB_CONTROL\GDB_DPTO_27_V3.gdb\MGN_RURAL\MGN_ADM_DPTO_POLITICO;\\Dg-est003\INSUMOS_2021\ENTREGAS\41_HUILA\GDB_CONTROL\GDB_DPTO_41_V5.gdb\MGN_RURAL\MGN_ADM_DPTO_POLITICO;\\Dg-est003\INSUMOS_2021\ENTREGAS\44_LA_GUAJIRA\GDB_CONTROL\GDB_DPTO_44_V6.gdb\MGN_RURAL\MGN_ADM_DPTO_POLITICO;\\Dg-est003\INSUMOS_2021\ENTREGAS\47_MAGDALENA\GDB_CONTROL\GDB_DPTO_47_V4.gdb\MGN_RURAL\MGN_ADM_DPTO_POLITICO;\\Dg-est003\INSUMOS_2021\ENTREGAS\50_META\GDB_CONTROL\GDB_DPTO_50_V6.gdb\MGN_RURAL\MGN_ADM_DPTO_POLITICO;\\Dg-est003\INSUMOS_2021\ENTREGAS\52_NARINO\GDB_CONTROL\GDB_DPTO_52_V4.gdb\MGN_RURAL\MGN_ADM_DPTO_POLITICO;\\Dg-est003\INSUMOS_2021\ENTREGAS\54_NORTE_DE_SANTANDER\GDB_CONTROL\GDB_DPTO_54_V3.gdb\MGN_RURAL\MGN_ADM_DPTO_POLITICO;\\Dg-est003\INSUMOS_2021\ENTREGAS\63_QUINDIO\GDB_CONTROL\GDB_DPTO_63_V3.gdb\MGN_RURAL\MGN_ADM_DPTO_POLITICO;\\Dg-est003\INSUMOS_2021\ENTREGAS\66_RISARALDA\GDB_CONTROL\GDB_DPTO_66_V3.gdb\MGN_RURAL\MGN_ADM_DPTO_POLITICO;\\Dg-est003\INSUMOS_2021\ENTREGAS\70_SUCRE\GDB_CONTROL\GDB_DPTO_70_V2.gdb\MGN_RURAL\MGN_ADM_DPTO_POLITICO;\\Dg-est003\INSUMOS_2021\ENTREGAS\73_TOLIMA\GDB_CONTROL\GDB_DPTO_73_V5.gdb\MGN_RURAL\MGN_ADM_DPTO_POLITICO;\\Dg-est003\INSUMOS_2021\ENTREGAS\81_ARAUCA\GDB_CONTROL\GDB_DPTO_81_V4.gdb\MGN_RURAL\MGN_ADM_DPTO_POLITICO;\\Dg-est003\INSUMOS_2021\ENTREGAS\85_CASANARE\GDB_CONTROL\GDB_DPTO_85_V4.gdb\MGN_RURAL\MGN_ADM_DPTO_POLITICO;\\Dg-est003\INSUMOS_2021\ENTREGAS\86_PUTUMAYO\GDB_CONTROL\GDB_DPTO_86_V5.gdb\MGN_RURAL\MGN_ADM_DPTO_POLITICO;\\Dg-est003\INSUMOS_2021\ENTREGAS\88_SAN_ANDRES\GDB_CONTROL\GDB_DPTO_88_V2.gdb\MGN_RURAL\MGN_ADM_DPTO_POLITICO;\\Dg-est003\INSUMOS_2021\ENTREGAS\91_AMAZONAS\GDB_CONTROL\GDB_DPTO_91.gdb\MGN_RURAL\MGN_ADM_DPTO_POLITICO;\\Dg-est003\INSUMOS_2021\ENTREGAS\94_GUAINIA\GDB_CONTROL\GDB_DPTO_94.gdb\MGN_RURAL\MGN_ADM_DPTO_POLITICO;\\Dg-est003\INSUMOS_2021\ENTREGAS\95_GUAVIARE\GDB_CONTROL\GDB_DPTO_95_V3.gdb\MGN_RURAL\MGN_ADM_DPTO_POLITICO;\\Dg-est003\INSUMOS_2021\ENTREGAS\97_VAUPES\GDB_CONTROL\GDB_DPTO_97_V1.gdb\MGN_RURAL\MGN_ADM_DPTO_POLITICO;\\Dg-est003\INSUMOS_2021\ENTREGAS\99_VICHADA\GDB_CONTROL\GDB_DPTO_99_V2.gdb\MGN_RURAL\MGN_ADM_DPTO_POLITICO;\\Dg-est003\INSUMOS_2021\ENTREGAS\68_SANTANDER\GDB_CONTROL\GDB_DPTO_68_DFTORRESM.gdb\MGN_RURAL\MGN_ADM_DPTO_POLITICO C:\Users\jcbustosd\Desktop\GDB_MGN_FINAL.gdb\MGN_RURAL\MGN_ADM_DPTO_POLITICO TEST # #</Process><Process ToolSource="c:\program files (x86)\arcgis\desktop10.5\ArcToolbox\Toolboxes\Data Management Tools.tbx\Append" Date="20211012" Time="123929">Append \\Dg-est003\INSUMOS_2021\ENTREGAS\76_VALLE_DEL_CAUCA\GDB_CONTROL\GDB_DPTO_76_V5.gdb\MGN_RURAL\MGN_ADM_DPTO_POLITICO C:\Users\jcbustosd\Desktop\GDB_MGN_FINAL.gdb\MGN_RURAL\MGN_ADM_DPTO_POLITICO TEST # #</Process><Process Name="Append" ToolSource="c:\program files (x86)\arcgis\desktop10.5\ArcToolbox\Toolboxes\Data Management Tools.tbx\Append" Date="20211019" Time="095444">Append \\Dg-est003\INSUMOS_2021\ENTREGAS\05_ANTIOQUIA\GDB_FINAL\GDB_DPTO_05_FINAL.gdb\MGN_RURAL\MGN_ADM_DPTO_POLITICO D:\jcbustosd\JCBUSTOSD_2021\MGN_RURAL_2021\EMPALME_MGN_2021\GDB_MGN_FINAL.gdb\MGN_RURAL\MGN_ADM_DPTO_POLITICO TEST # #</Process><Process Name="Append" ToolSource="c:\program files (x86)\arcgis\desktop10.5\ArcToolbox\Toolboxes\Data Management Tools.tbx\Append" Date="20211019" Time="095445">Append \\Dg-est003\INSUMOS_2021\ENTREGAS\08_ATLANTICO\GDB_FINAL\GDB_DPTO_08_FINAL.gdb\\MGN_RURAL\MGN_ADM_DPTO_POLITICO D:\jcbustosd\JCBUSTOSD_2021\MGN_RURAL_2021\EMPALME_MGN_2021\GDB_MGN_FINAL.gdb\MGN_RURAL\MGN_ADM_DPTO_POLITICO TEST # #</Process><Process Name="Append" ToolSource="c:\program files (x86)\arcgis\desktop10.5\ArcToolbox\Toolboxes\Data Management Tools.tbx\Append" Date="20211019" Time="095446">Append \\Dg-est003\INSUMOS_2021\ENTREGAS\11_BOGOTA_DC\GDB_FINAL\GDB_DPTO_11_FINAL.gdb\\MGN_RURAL\MGN_ADM_DPTO_POLITICO D:\jcbustosd\JCBUSTOSD_2021\MGN_RURAL_2021\EMPALME_MGN_2021\GDB_MGN_FINAL.gdb\MGN_RURAL\MGN_ADM_DPTO_POLITICO TEST # #</Process><Process Name="Append" ToolSource="c:\program files (x86)\arcgis\desktop10.5\ArcToolbox\Toolboxes\Data Management Tools.tbx\Append" Date="20211019" Time="095447">Append \\Dg-est003\INSUMOS_2021\ENTREGAS\13_BOLIVAR\GDB_FINAL\GDB_DPTO_13_FINAL.gdb\\MGN_RURAL\MGN_ADM_DPTO_POLITICO D:\jcbustosd\JCBUSTOSD_2021\MGN_RURAL_2021\EMPALME_MGN_2021\GDB_MGN_FINAL.gdb\MGN_RURAL\MGN_ADM_DPTO_POLITICO TEST # #</Process><Process Name="Append" ToolSource="c:\program files (x86)\arcgis\desktop10.5\ArcToolbox\Toolboxes\Data Management Tools.tbx\Append" Date="20211019" Time="095449">Append \\Dg-est003\INSUMOS_2021\ENTREGAS\15_BOYACA\GDB_FINAL\GDB_DPTO_15_FINAL.gdb\\MGN_RURAL\MGN_ADM_DPTO_POLITICO D:\jcbustosd\JCBUSTOSD_2021\MGN_RURAL_2021\EMPALME_MGN_2021\GDB_MGN_FINAL.gdb\MGN_RURAL\MGN_ADM_DPTO_POLITICO TEST # #</Process><Process Name="Append" ToolSource="c:\program files (x86)\arcgis\desktop10.5\ArcToolbox\Toolboxes\Data Management Tools.tbx\Append" Date="20211019" Time="095450">Append \\Dg-est003\INSUMOS_2021\ENTREGAS\17_CALDAS\GDB_FINAL\GDB_DPTO_17_FINAL.gdb\\MGN_RURAL\MGN_ADM_DPTO_POLITICO D:\jcbustosd\JCBUSTOSD_2021\MGN_RURAL_2021\EMPALME_MGN_2021\GDB_MGN_FINAL.gdb\MGN_RURAL\MGN_ADM_DPTO_POLITICO TEST # #</Process><Process Name="Append" ToolSource="c:\program files (x86)\arcgis\desktop10.5\ArcToolbox\Toolboxes\Data Management Tools.tbx\Append" Date="20211019" Time="095452">Append \\Dg-est003\INSUMOS_2021\ENTREGAS\18_CAQUETA\GDB_FINAL\GDB_DPTO_18_FINAL.gdb\\MGN_RURAL\MGN_ADM_DPTO_POLITICO D:\jcbustosd\JCBUSTOSD_2021\MGN_RURAL_2021\EMPALME_MGN_2021\GDB_MGN_FINAL.gdb\MGN_RURAL\MGN_ADM_DPTO_POLITICO TEST # #</Process><Process Name="Append" ToolSource="c:\program files (x86)\arcgis\desktop10.5\ArcToolbox\Toolboxes\Data Management Tools.tbx\Append" Date="20211019" Time="095454">Append \\Dg-est003\INSUMOS_2021\ENTREGAS\19_CAUCA\GDB_FINAL\GDB_DPTO_19_FINAL.gdb\\MGN_RURAL\MGN_ADM_DPTO_POLITICO D:\jcbustosd\JCBUSTOSD_2021\MGN_RURAL_2021\EMPALME_MGN_2021\GDB_MGN_FINAL.gdb\MGN_RURAL\MGN_ADM_DPTO_POLITICO TEST # #</Process><Process Name="Append" ToolSource="c:\program files (x86)\arcgis\desktop10.5\ArcToolbox\Toolboxes\Data Management Tools.tbx\Append" Date="20211019" Time="095456">Append \\Dg-est003\INSUMOS_2021\ENTREGAS\20_CESAR\GDB_FINAL\GDB_DPTO_20_FINAL.gdb\\MGN_RURAL\MGN_ADM_DPTO_POLITICO D:\jcbustosd\JCBUSTOSD_2021\MGN_RURAL_2021\EMPALME_MGN_2021\GDB_MGN_FINAL.gdb\MGN_RURAL\MGN_ADM_DPTO_POLITICO TEST # #</Process><Process Name="Append" ToolSource="c:\program files (x86)\arcgis\desktop10.5\ArcToolbox\Toolboxes\Data Management Tools.tbx\Append" Date="20211019" Time="095458">Append \\Dg-est003\INSUMOS_2021\ENTREGAS\23_CORDOBA\GDB_FINAL\GDB_DPTO_23_FINAL.gdb\\MGN_RURAL\MGN_ADM_DPTO_POLITICO D:\jcbustosd\JCBUSTOSD_2021\MGN_RURAL_2021\EMPALME_MGN_2021\GDB_MGN_FINAL.gdb\MGN_RURAL\MGN_ADM_DPTO_POLITICO TEST # #</Process><Process Name="Append" ToolSource="c:\program files (x86)\arcgis\desktop10.5\ArcToolbox\Toolboxes\Data Management Tools.tbx\Append" Date="20211019" Time="095501">Append \\Dg-est003\INSUMOS_2021\ENTREGAS\25_CUNDINAMARCA\GDB_FINAL\GDB_DPTO_25_FINAL.gdb\\MGN_RURAL\MGN_ADM_DPTO_POLITICO D:\jcbustosd\JCBUSTOSD_2021\MGN_RURAL_2021\EMPALME_MGN_2021\GDB_MGN_FINAL.gdb\MGN_RURAL\MGN_ADM_DPTO_POLITICO TEST # #</Process><Process Name="Append" ToolSource="c:\program files (x86)\arcgis\desktop10.5\ArcToolbox\Toolboxes\Data Management Tools.tbx\Append" Date="20211019" Time="095503">Append \\Dg-est003\INSUMOS_2021\ENTREGAS\27_CHOCO\GDB_FINAL\GDB_DPTO_27_FINAL.gdb\\MGN_RURAL\MGN_ADM_DPTO_POLITICO D:\jcbustosd\JCBUSTOSD_2021\MGN_RURAL_2021\EMPALME_MGN_2021\GDB_MGN_FINAL.gdb\MGN_RURAL\MGN_ADM_DPTO_POLITICO TEST # #</Process><Process Name="Append" ToolSource="c:\program files (x86)\arcgis\desktop10.5\ArcToolbox\Toolboxes\Data Management Tools.tbx\Append" Date="20211019" Time="095505">Append \\Dg-est003\INSUMOS_2021\ENTREGAS\41_HUILA\GDB_FINAL\GDB_DPTO_41_FINAL.gdb\\MGN_RURAL\MGN_ADM_DPTO_POLITICO D:\jcbustosd\JCBUSTOSD_2021\MGN_RURAL_2021\EMPALME_MGN_2021\GDB_MGN_FINAL.gdb\MGN_RURAL\MGN_ADM_DPTO_POLITICO TEST # #</Process><Process Name="Append" ToolSource="c:\program files (x86)\arcgis\desktop10.5\ArcToolbox\Toolboxes\Data Management Tools.tbx\Append" Date="20211019" Time="095507">Append \\Dg-est003\INSUMOS_2021\ENTREGAS\44_LA_GUAJIRA\GDB_FINAL\GDB_DPTO_44_FINAL.gdb\\MGN_RURAL\MGN_ADM_DPTO_POLITICO D:\jcbustosd\JCBUSTOSD_2021\MGN_RURAL_2021\EMPALME_MGN_2021\GDB_MGN_FINAL.gdb\MGN_RURAL\MGN_ADM_DPTO_POLITICO TEST # #</Process><Process Name="Append" ToolSource="c:\program files (x86)\arcgis\desktop10.5\ArcToolbox\Toolboxes\Data Management Tools.tbx\Append" Date="20211019" Time="095509">Append \\Dg-est003\INSUMOS_2021\ENTREGAS\47_MAGDALENA\GDB_FINAL\GDB_DPTO_47_FINAL.gdb\\MGN_RURAL\MGN_ADM_DPTO_POLITICO D:\jcbustosd\JCBUSTOSD_2021\MGN_RURAL_2021\EMPALME_MGN_2021\GDB_MGN_FINAL.gdb\MGN_RURAL\MGN_ADM_DPTO_POLITICO TEST # #</Process><Process Name="Append" ToolSource="c:\program files (x86)\arcgis\desktop10.5\ArcToolbox\Toolboxes\Data Management Tools.tbx\Append" Date="20211019" Time="095510">Append \\Dg-est003\INSUMOS_2021\ENTREGAS\50_META\GDB_FINAL\GDB_DPTO_50_FINAL.gdb\\MGN_RURAL\MGN_ADM_DPTO_POLITICO D:\jcbustosd\JCBUSTOSD_2021\MGN_RURAL_2021\EMPALME_MGN_2021\GDB_MGN_FINAL.gdb\MGN_RURAL\MGN_ADM_DPTO_POLITICO TEST # #</Process><Process Name="Append" ToolSource="c:\program files (x86)\arcgis\desktop10.5\ArcToolbox\Toolboxes\Data Management Tools.tbx\Append" Date="20211019" Time="095513">Append \\Dg-est003\INSUMOS_2021\ENTREGAS\52_NARINO\GDB_FINAL\GDB_DPTO_52_FINAL.gdb\\MGN_RURAL\MGN_ADM_DPTO_POLITICO D:\jcbustosd\JCBUSTOSD_2021\MGN_RURAL_2021\EMPALME_MGN_2021\GDB_MGN_FINAL.gdb\MGN_RURAL\MGN_ADM_DPTO_POLITICO TEST # #</Process><Process Name="Append" ToolSource="c:\program files (x86)\arcgis\desktop10.5\ArcToolbox\Toolboxes\Data Management Tools.tbx\Append" Date="20211019" Time="095515">Append \\Dg-est003\INSUMOS_2021\ENTREGAS\54_NORTE_DE_SANTANDER\GDB_FINAL\GDB_DPTO_54_FINAL.gdb\\MGN_RURAL\MGN_ADM_DPTO_POLITICO D:\jcbustosd\JCBUSTOSD_2021\MGN_RURAL_2021\EMPALME_MGN_2021\GDB_MGN_FINAL.gdb\MGN_RURAL\MGN_ADM_DPTO_POLITICO TEST # #</Process><Process Name="Append" ToolSource="c:\program files (x86)\arcgis\desktop10.5\ArcToolbox\Toolboxes\Data Management Tools.tbx\Append" Date="20211019" Time="095516">Append \\Dg-est003\INSUMOS_2021\ENTREGAS\63_QUINDIO\GDB_FINAL\GDB_DPTO_63_FINAL.gdb\\MGN_RURAL\MGN_ADM_DPTO_POLITICO D:\jcbustosd\JCBUSTOSD_2021\MGN_RURAL_2021\EMPALME_MGN_2021\GDB_MGN_FINAL.gdb\MGN_RURAL\MGN_ADM_DPTO_POLITICO TEST # #</Process><Process Name="Append" ToolSource="c:\program files (x86)\arcgis\desktop10.5\ArcToolbox\Toolboxes\Data Management Tools.tbx\Append" Date="20211019" Time="095518">Append \\Dg-est003\INSUMOS_2021\ENTREGAS\66_RISARALDA\GDB_FINAL\GDB_DPTO_66_FINAL.gdb\\MGN_RURAL\MGN_ADM_DPTO_POLITICO D:\jcbustosd\JCBUSTOSD_2021\MGN_RURAL_2021\EMPALME_MGN_2021\GDB_MGN_FINAL.gdb\MGN_RURAL\MGN_ADM_DPTO_POLITICO TEST # #</Process><Process Name="Append" ToolSource="c:\program files (x86)\arcgis\desktop10.5\ArcToolbox\Toolboxes\Data Management Tools.tbx\Append" Date="20211019" Time="095520">Append \\Dg-est003\INSUMOS_2021\ENTREGAS\68_SANTANDER\GDB_FINAL\GDB_DPTO_68_FINAL.gdb\\MGN_RURAL\MGN_ADM_DPTO_POLITICO D:\jcbustosd\JCBUSTOSD_2021\MGN_RURAL_2021\EMPALME_MGN_2021\GDB_MGN_FINAL.gdb\MGN_RURAL\MGN_ADM_DPTO_POLITICO TEST # #</Process><Process Name="Append" ToolSource="c:\program files (x86)\arcgis\desktop10.5\ArcToolbox\Toolboxes\Data Management Tools.tbx\Append" Date="20211019" Time="095522">Append \\Dg-est003\INSUMOS_2021\ENTREGAS\70_SUCRE\GDB_FINAL\GDB_DPTO_70_FINAL.gdb\\MGN_RURAL\MGN_ADM_DPTO_POLITICO D:\jcbustosd\JCBUSTOSD_2021\MGN_RURAL_2021\EMPALME_MGN_2021\GDB_MGN_FINAL.gdb\MGN_RURAL\MGN_ADM_DPTO_POLITICO TEST # #</Process><Process Name="Append" ToolSource="c:\program files (x86)\arcgis\desktop10.5\ArcToolbox\Toolboxes\Data Management Tools.tbx\Append" Date="20211019" Time="095524">Append \\Dg-est003\INSUMOS_2021\ENTREGAS\73_TOLIMA\GDB_FINAL\GDB_DPTO_73_FINAL.gdb\\MGN_RURAL\MGN_ADM_DPTO_POLITICO D:\jcbustosd\JCBUSTOSD_2021\MGN_RURAL_2021\EMPALME_MGN_2021\GDB_MGN_FINAL.gdb\MGN_RURAL\MGN_ADM_DPTO_POLITICO TEST # #</Process><Process Name="Append" ToolSource="c:\program files (x86)\arcgis\desktop10.5\ArcToolbox\Toolboxes\Data Management Tools.tbx\Append" Date="20211019" Time="095526">Append \\Dg-est003\INSUMOS_2021\ENTREGAS\76_VALLE_DEL_CAUCA\GDB_FINAL\GDB_DPTO_76_FINAL.gdb\\MGN_RURAL\MGN_ADM_DPTO_POLITICO D:\jcbustosd\JCBUSTOSD_2021\MGN_RURAL_2021\EMPALME_MGN_2021\GDB_MGN_FINAL.gdb\MGN_RURAL\MGN_ADM_DPTO_POLITICO TEST # #</Process><Process Name="Append" ToolSource="c:\program files (x86)\arcgis\desktop10.5\ArcToolbox\Toolboxes\Data Management Tools.tbx\Append" Date="20211019" Time="095528">Append \\Dg-est003\INSUMOS_2021\ENTREGAS\81_ARAUCA\GDB_FINAL\GDB_DPTO_81_FINAL.gdb\\MGN_RURAL\MGN_ADM_DPTO_POLITICO D:\jcbustosd\JCBUSTOSD_2021\MGN_RURAL_2021\EMPALME_MGN_2021\GDB_MGN_FINAL.gdb\MGN_RURAL\MGN_ADM_DPTO_POLITICO TEST # #</Process><Process Name="Append" ToolSource="c:\program files (x86)\arcgis\desktop10.5\ArcToolbox\Toolboxes\Data Management Tools.tbx\Append" Date="20211019" Time="095530">Append \\Dg-est003\INSUMOS_2021\ENTREGAS\85_CASANARE\GDB_FINAL\GDB_DPTO_85_FINAL.gdb\\MGN_RURAL\MGN_ADM_DPTO_POLITICO D:\jcbustosd\JCBUSTOSD_2021\MGN_RURAL_2021\EMPALME_MGN_2021\GDB_MGN_FINAL.gdb\MGN_RURAL\MGN_ADM_DPTO_POLITICO TEST # #</Process><Process Name="Append" ToolSource="c:\program files (x86)\arcgis\desktop10.5\ArcToolbox\Toolboxes\Data Management Tools.tbx\Append" Date="20211019" Time="095531">Append \\Dg-est003\INSUMOS_2021\ENTREGAS\86_PUTUMAYO\GDB_FINAL\GDB_DPTO_86_FINAL.gdb\\MGN_RURAL\MGN_ADM_DPTO_POLITICO D:\jcbustosd\JCBUSTOSD_2021\MGN_RURAL_2021\EMPALME_MGN_2021\GDB_MGN_FINAL.gdb\MGN_RURAL\MGN_ADM_DPTO_POLITICO TEST # #</Process><Process Name="Append" ToolSource="c:\program files (x86)\arcgis\desktop10.5\ArcToolbox\Toolboxes\Data Management Tools.tbx\Append" Date="20211019" Time="095532">Append \\Dg-est003\INSUMOS_2021\ENTREGAS\88_SAN_ANDRES\GDB_FINAL\GDB_DPTO_88_FINAL.gdb\\MGN_RURAL\MGN_ADM_DPTO_POLITICO D:\jcbustosd\JCBUSTOSD_2021\MGN_RURAL_2021\EMPALME_MGN_2021\GDB_MGN_FINAL.gdb\MGN_RURAL\MGN_ADM_DPTO_POLITICO TEST # #</Process><Process Name="Append" ToolSource="c:\program files (x86)\arcgis\desktop10.5\ArcToolbox\Toolboxes\Data Management Tools.tbx\Append" Date="20211019" Time="095533">Append \\Dg-est003\INSUMOS_2021\ENTREGAS\91_AMAZONAS\GDB_FINAL\GDB_DPTO_91_FINAL.gdb\\MGN_RURAL\MGN_ADM_DPTO_POLITICO D:\jcbustosd\JCBUSTOSD_2021\MGN_RURAL_2021\EMPALME_MGN_2021\GDB_MGN_FINAL.gdb\MGN_RURAL\MGN_ADM_DPTO_POLITICO TEST # #</Process><Process Name="Append" ToolSource="c:\program files (x86)\arcgis\desktop10.5\ArcToolbox\Toolboxes\Data Management Tools.tbx\Append" Date="20211019" Time="095533">Append \\Dg-est003\INSUMOS_2021\ENTREGAS\94_GUAINIA\GDB_FINAL\GDB_DPTO_94_FINAL.gdb\\MGN_RURAL\MGN_ADM_DPTO_POLITICO D:\jcbustosd\JCBUSTOSD_2021\MGN_RURAL_2021\EMPALME_MGN_2021\GDB_MGN_FINAL.gdb\MGN_RURAL\MGN_ADM_DPTO_POLITICO TEST # #</Process><Process Name="Append" ToolSource="c:\program files (x86)\arcgis\desktop10.5\ArcToolbox\Toolboxes\Data Management Tools.tbx\Append" Date="20211019" Time="095534">Append \\Dg-est003\INSUMOS_2021\ENTREGAS\95_GUAVIARE\GDB_FINAL\GDB_DPTO_95_FINAL.gdb\\MGN_RURAL\MGN_ADM_DPTO_POLITICO D:\jcbustosd\JCBUSTOSD_2021\MGN_RURAL_2021\EMPALME_MGN_2021\GDB_MGN_FINAL.gdb\MGN_RURAL\MGN_ADM_DPTO_POLITICO TEST # #</Process><Process Name="Append" ToolSource="c:\program files (x86)\arcgis\desktop10.5\ArcToolbox\Toolboxes\Data Management Tools.tbx\Append" Date="20211019" Time="095535">Append \\Dg-est003\INSUMOS_2021\ENTREGAS\97_VAUPES\GDB_FINAL\GDB_DPTO_97_FINAL.gdb\\MGN_RURAL\MGN_ADM_DPTO_POLITICO D:\jcbustosd\JCBUSTOSD_2021\MGN_RURAL_2021\EMPALME_MGN_2021\GDB_MGN_FINAL.gdb\MGN_RURAL\MGN_ADM_DPTO_POLITICO TEST # #</Process><Process Name="Append" ToolSource="c:\program files (x86)\arcgis\desktop10.5\ArcToolbox\Toolboxes\Data Management Tools.tbx\Append" Date="20211019" Time="095536">Append \\Dg-est003\INSUMOS_2021\ENTREGAS\99_VICHADA\GDB_FINAL\GDB_DPTO_99_FINAL.gdb\\MGN_RURAL\MGN_ADM_DPTO_POLITICO D:\jcbustosd\JCBUSTOSD_2021\MGN_RURAL_2021\EMPALME_MGN_2021\GDB_MGN_FINAL.gdb\MGN_RURAL\MGN_ADM_DPTO_POLITICO TEST # #</Process><Process Name="Delete Rows (5)" ToolSource="c:\program files (x86)\arcgis\desktop10.5\ArcToolbox\Toolboxes\Data Management Tools.tbx\DeleteRows" Date="20211019" Time="100102">DeleteRows D:\jcbustosd\JCBUSTOSD_2021\MGN_RURAL_2021\EMPALME_MGN_2021\GDB_MGN_FINAL.gdb\MGN_RURAL\MGN_ADM_DPTO_POLITICO</Process><Process Name="Append" ToolSource="c:\program files (x86)\arcgis\desktop10.5\ArcToolbox\Toolboxes\Data Management Tools.tbx\Append" Date="20211019" Time="101423">Append \\Dg-est003\INSUMOS_2021\ENTREGAS\05_ANTIOQUIA\GDB_FINAL\GDB_DPTO_05_FINAL.gdb\MGN_RURAL\MGN_ADM_DPTO_POLITICO D:\jcbustosd\JCBUSTOSD_2021\MGN_RURAL_2021\EMPALME_MGN_2021\GDB_MGN_FINAL.gdb\MGN_RURAL\MGN_ADM_DPTO_POLITICO TEST # #</Process><Process Name="Append" ToolSource="c:\program files (x86)\arcgis\desktop10.5\ArcToolbox\Toolboxes\Data Management Tools.tbx\Append" Date="20211019" Time="101425">Append \\Dg-est003\INSUMOS_2021\ENTREGAS\08_ATLANTICO\GDB_FINAL\GDB_DPTO_08_FINAL.gdb\\MGN_RURAL\MGN_ADM_DPTO_POLITICO D:\jcbustosd\JCBUSTOSD_2021\MGN_RURAL_2021\EMPALME_MGN_2021\GDB_MGN_FINAL.gdb\MGN_RURAL\MGN_ADM_DPTO_POLITICO TEST # #</Process><Process Name="Append" ToolSource="c:\program files (x86)\arcgis\desktop10.5\ArcToolbox\Toolboxes\Data Management Tools.tbx\Append" Date="20211019" Time="101428">Append \\Dg-est003\INSUMOS_2021\ENTREGAS\11_BOGOTA_DC\GDB_FINAL\GDB_DPTO_11_FINAL.gdb\\MGN_RURAL\MGN_ADM_DPTO_POLITICO D:\jcbustosd\JCBUSTOSD_2021\MGN_RURAL_2021\EMPALME_MGN_2021\GDB_MGN_FINAL.gdb\MGN_RURAL\MGN_ADM_DPTO_POLITICO TEST # #</Process><Process Name="Append" ToolSource="c:\program files (x86)\arcgis\desktop10.5\ArcToolbox\Toolboxes\Data Management Tools.tbx\Append" Date="20211019" Time="101431">Append \\Dg-est003\INSUMOS_2021\ENTREGAS\13_BOLIVAR\GDB_FINAL\GDB_DPTO_13_FINAL.gdb\\MGN_RURAL\MGN_ADM_DPTO_POLITICO D:\jcbustosd\JCBUSTOSD_2021\MGN_RURAL_2021\EMPALME_MGN_2021\GDB_MGN_FINAL.gdb\MGN_RURAL\MGN_ADM_DPTO_POLITICO TEST # #</Process><Process Name="Append" ToolSource="c:\program files (x86)\arcgis\desktop10.5\ArcToolbox\Toolboxes\Data Management Tools.tbx\Append" Date="20211019" Time="101433">Append \\Dg-est003\INSUMOS_2021\ENTREGAS\15_BOYACA\GDB_FINAL\GDB_DPTO_15_FINAL.gdb\\MGN_RURAL\MGN_ADM_DPTO_POLITICO D:\jcbustosd\JCBUSTOSD_2021\MGN_RURAL_2021\EMPALME_MGN_2021\GDB_MGN_FINAL.gdb\MGN_RURAL\MGN_ADM_DPTO_POLITICO TEST # #</Process><Process Name="Append" ToolSource="c:\program files (x86)\arcgis\desktop10.5\ArcToolbox\Toolboxes\Data Management Tools.tbx\Append" Date="20211019" Time="101435">Append \\Dg-est003\INSUMOS_2021\ENTREGAS\17_CALDAS\GDB_FINAL\GDB_DPTO_17_FINAL.gdb\\MGN_RURAL\MGN_ADM_DPTO_POLITICO D:\jcbustosd\JCBUSTOSD_2021\MGN_RURAL_2021\EMPALME_MGN_2021\GDB_MGN_FINAL.gdb\MGN_RURAL\MGN_ADM_DPTO_POLITICO TEST # #</Process><Process Name="Append" ToolSource="c:\program files (x86)\arcgis\desktop10.5\ArcToolbox\Toolboxes\Data Management Tools.tbx\Append" Date="20211019" Time="101437">Append \\Dg-est003\INSUMOS_2021\ENTREGAS\18_CAQUETA\GDB_FINAL\GDB_DPTO_18_FINAL.gdb\\MGN_RURAL\MGN_ADM_DPTO_POLITICO D:\jcbustosd\JCBUSTOSD_2021\MGN_RURAL_2021\EMPALME_MGN_2021\GDB_MGN_FINAL.gdb\MGN_RURAL\MGN_ADM_DPTO_POLITICO TEST # #</Process><Process Name="Append" ToolSource="c:\program files (x86)\arcgis\desktop10.5\ArcToolbox\Toolboxes\Data Management Tools.tbx\Append" Date="20211019" Time="101438">Append \\Dg-est003\INSUMOS_2021\ENTREGAS\19_CAUCA\GDB_FINAL\GDB_DPTO_19_FINAL.gdb\\MGN_RURAL\MGN_ADM_DPTO_POLITICO D:\jcbustosd\JCBUSTOSD_2021\MGN_RURAL_2021\EMPALME_MGN_2021\GDB_MGN_FINAL.gdb\MGN_RURAL\MGN_ADM_DPTO_POLITICO TEST # #</Process><Process Name="Append" ToolSource="c:\program files (x86)\arcgis\desktop10.5\ArcToolbox\Toolboxes\Data Management Tools.tbx\Append" Date="20211019" Time="101441">Append \\Dg-est003\INSUMOS_2021\ENTREGAS\20_CESAR\GDB_FINAL\GDB_DPTO_20_FINAL.gdb\\MGN_RURAL\MGN_ADM_DPTO_POLITICO D:\jcbustosd\JCBUSTOSD_2021\MGN_RURAL_2021\EMPALME_MGN_2021\GDB_MGN_FINAL.gdb\MGN_RURAL\MGN_ADM_DPTO_POLITICO TEST # #</Process><Process Name="Append" ToolSource="c:\program files (x86)\arcgis\desktop10.5\ArcToolbox\Toolboxes\Data Management Tools.tbx\Append" Date="20211019" Time="101444">Append \\Dg-est003\INSUMOS_2021\ENTREGAS\23_CORDOBA\GDB_FINAL\GDB_DPTO_23_FINAL.gdb\\MGN_RURAL\MGN_ADM_DPTO_POLITICO D:\jcbustosd\JCBUSTOSD_2021\MGN_RURAL_2021\EMPALME_MGN_2021\GDB_MGN_FINAL.gdb\MGN_RURAL\MGN_ADM_DPTO_POLITICO TEST # #</Process><Process Name="Append" ToolSource="c:\program files (x86)\arcgis\desktop10.5\ArcToolbox\Toolboxes\Data Management Tools.tbx\Append" Date="20211019" Time="101446">Append \\Dg-est003\INSUMOS_2021\ENTREGAS\25_CUNDINAMARCA\GDB_FINAL\GDB_DPTO_25_FINAL.gdb\\MGN_RURAL\MGN_ADM_DPTO_POLITICO D:\jcbustosd\JCBUSTOSD_2021\MGN_RURAL_2021\EMPALME_MGN_2021\GDB_MGN_FINAL.gdb\MGN_RURAL\MGN_ADM_DPTO_POLITICO TEST # #</Process><Process Name="Append" ToolSource="c:\program files (x86)\arcgis\desktop10.5\ArcToolbox\Toolboxes\Data Management Tools.tbx\Append" Date="20211019" Time="101449">Append \\Dg-est003\INSUMOS_2021\ENTREGAS\27_CHOCO\GDB_FINAL\GDB_DPTO_27_FINAL.gdb\\MGN_RURAL\MGN_ADM_DPTO_POLITICO D:\jcbustosd\JCBUSTOSD_2021\MGN_RURAL_2021\EMPALME_MGN_2021\GDB_MGN_FINAL.gdb\MGN_RURAL\MGN_ADM_DPTO_POLITICO TEST # #</Process><Process Name="Append" ToolSource="c:\program files (x86)\arcgis\desktop10.5\ArcToolbox\Toolboxes\Data Management Tools.tbx\Append" Date="20211019" Time="101453">Append \\Dg-est003\INSUMOS_2021\ENTREGAS\41_HUILA\GDB_FINAL\GDB_DPTO_41_FINAL.gdb\\MGN_RURAL\MGN_ADM_DPTO_POLITICO D:\jcbustosd\JCBUSTOSD_2021\MGN_RURAL_2021\EMPALME_MGN_2021\GDB_MGN_FINAL.gdb\MGN_RURAL\MGN_ADM_DPTO_POLITICO TEST # #</Process><Process Name="Append" ToolSource="c:\program files (x86)\arcgis\desktop10.5\ArcToolbox\Toolboxes\Data Management Tools.tbx\Append" Date="20211019" Time="101455">Append \\Dg-est003\INSUMOS_2021\ENTREGAS\44_LA_GUAJIRA\GDB_FINAL\GDB_DPTO_44_FINAL.gdb\\MGN_RURAL\MGN_ADM_DPTO_POLITICO D:\jcbustosd\JCBUSTOSD_2021\MGN_RURAL_2021\EMPALME_MGN_2021\GDB_MGN_FINAL.gdb\MGN_RURAL\MGN_ADM_DPTO_POLITICO TEST # #</Process><Process Name="Append" ToolSource="c:\program files (x86)\arcgis\desktop10.5\ArcToolbox\Toolboxes\Data Management Tools.tbx\Append" Date="20211019" Time="101457">Append \\Dg-est003\INSUMOS_2021\ENTREGAS\47_MAGDALENA\GDB_FINAL\GDB_DPTO_47_FINAL.gdb\\MGN_RURAL\MGN_ADM_DPTO_POLITICO D:\jcbustosd\JCBUSTOSD_2021\MGN_RURAL_2021\EMPALME_MGN_2021\GDB_MGN_FINAL.gdb\MGN_RURAL\MGN_ADM_DPTO_POLITICO TEST # #</Process><Process Name="Append" ToolSource="c:\program files (x86)\arcgis\desktop10.5\ArcToolbox\Toolboxes\Data Management Tools.tbx\Append" Date="20211019" Time="101459">Append \\Dg-est003\INSUMOS_2021\ENTREGAS\50_META\GDB_FINAL\GDB_DPTO_50_FINAL.gdb\\MGN_RURAL\MGN_ADM_DPTO_POLITICO D:\jcbustosd\JCBUSTOSD_2021\MGN_RURAL_2021\EMPALME_MGN_2021\GDB_MGN_FINAL.gdb\MGN_RURAL\MGN_ADM_DPTO_POLITICO TEST # #</Process><Process Name="Append" ToolSource="c:\program files (x86)\arcgis\desktop10.5\ArcToolbox\Toolboxes\Data Management Tools.tbx\Append" Date="20211019" Time="101502">Append \\Dg-est003\INSUMOS_2021\ENTREGAS\52_NARINO\GDB_FINAL\GDB_DPTO_52_FINAL.gdb\\MGN_RURAL\MGN_ADM_DPTO_POLITICO D:\jcbustosd\JCBUSTOSD_2021\MGN_RURAL_2021\EMPALME_MGN_2021\GDB_MGN_FINAL.gdb\MGN_RURAL\MGN_ADM_DPTO_POLITICO TEST # #</Process><Process Name="Append" ToolSource="c:\program files (x86)\arcgis\desktop10.5\ArcToolbox\Toolboxes\Data Management Tools.tbx\Append" Date="20211019" Time="101504">Append \\Dg-est003\INSUMOS_2021\ENTREGAS\54_NORTE_DE_SANTANDER\GDB_FINAL\GDB_DPTO_54_FINAL.gdb\\MGN_RURAL\MGN_ADM_DPTO_POLITICO D:\jcbustosd\JCBUSTOSD_2021\MGN_RURAL_2021\EMPALME_MGN_2021\GDB_MGN_FINAL.gdb\MGN_RURAL\MGN_ADM_DPTO_POLITICO TEST # #</Process><Process Name="Append" ToolSource="c:\program files (x86)\arcgis\desktop10.5\ArcToolbox\Toolboxes\Data Management Tools.tbx\Append" Date="20211019" Time="101505">Append \\Dg-est003\INSUMOS_2021\ENTREGAS\63_QUINDIO\GDB_FINAL\GDB_DPTO_63_FINAL.gdb\\MGN_RURAL\MGN_ADM_DPTO_POLITICO D:\jcbustosd\JCBUSTOSD_2021\MGN_RURAL_2021\EMPALME_MGN_2021\GDB_MGN_FINAL.gdb\MGN_RURAL\MGN_ADM_DPTO_POLITICO TEST # #</Process><Process Name="Append" ToolSource="c:\program files (x86)\arcgis\desktop10.5\ArcToolbox\Toolboxes\Data Management Tools.tbx\Append" Date="20211019" Time="101508">Append \\Dg-est003\INSUMOS_2021\ENTREGAS\66_RISARALDA\GDB_FINAL\GDB_DPTO_66_FINAL.gdb\\MGN_RURAL\MGN_ADM_DPTO_POLITICO D:\jcbustosd\JCBUSTOSD_2021\MGN_RURAL_2021\EMPALME_MGN_2021\GDB_MGN_FINAL.gdb\MGN_RURAL\MGN_ADM_DPTO_POLITICO TEST # #</Process><Process Name="Append" ToolSource="c:\program files (x86)\arcgis\desktop10.5\ArcToolbox\Toolboxes\Data Management Tools.tbx\Append" Date="20211019" Time="101510">Append \\Dg-est003\INSUMOS_2021\ENTREGAS\68_SANTANDER\GDB_FINAL\GDB_DPTO_68_FINAL.gdb\\MGN_RURAL\MGN_ADM_DPTO_POLITICO D:\jcbustosd\JCBUSTOSD_2021\MGN_RURAL_2021\EMPALME_MGN_2021\GDB_MGN_FINAL.gdb\MGN_RURAL\MGN_ADM_DPTO_POLITICO TEST # #</Process><Process Name="Append" ToolSource="c:\program files (x86)\arcgis\desktop10.5\ArcToolbox\Toolboxes\Data Management Tools.tbx\Append" Date="20211019" Time="101512">Append \\Dg-est003\INSUMOS_2021\ENTREGAS\70_SUCRE\GDB_FINAL\GDB_DPTO_70_FINAL.gdb\\MGN_RURAL\MGN_ADM_DPTO_POLITICO D:\jcbustosd\JCBUSTOSD_2021\MGN_RURAL_2021\EMPALME_MGN_2021\GDB_MGN_FINAL.gdb\MGN_RURAL\MGN_ADM_DPTO_POLITICO TEST # #</Process><Process Name="Append" ToolSource="c:\program files (x86)\arcgis\desktop10.5\ArcToolbox\Toolboxes\Data Management Tools.tbx\Append" Date="20211019" Time="101515">Append \\Dg-est003\INSUMOS_2021\ENTREGAS\73_TOLIMA\GDB_FINAL\GDB_DPTO_73_FINAL.gdb\\MGN_RURAL\MGN_ADM_DPTO_POLITICO D:\jcbustosd\JCBUSTOSD_2021\MGN_RURAL_2021\EMPALME_MGN_2021\GDB_MGN_FINAL.gdb\MGN_RURAL\MGN_ADM_DPTO_POLITICO TEST # #</Process><Process Name="Append" ToolSource="c:\program files (x86)\arcgis\desktop10.5\ArcToolbox\Toolboxes\Data Management Tools.tbx\Append" Date="20211019" Time="101517">Append \\Dg-est003\INSUMOS_2021\ENTREGAS\76_VALLE_DEL_CAUCA\GDB_FINAL\GDB_DPTO_76_FINAL.gdb\\MGN_RURAL\MGN_ADM_DPTO_POLITICO D:\jcbustosd\JCBUSTOSD_2021\MGN_RURAL_2021\EMPALME_MGN_2021\GDB_MGN_FINAL.gdb\MGN_RURAL\MGN_ADM_DPTO_POLITICO TEST # #</Process><Process Name="Append" ToolSource="c:\program files (x86)\arcgis\desktop10.5\ArcToolbox\Toolboxes\Data Management Tools.tbx\Append" Date="20211019" Time="101520">Append \\Dg-est003\INSUMOS_2021\ENTREGAS\81_ARAUCA\GDB_FINAL\GDB_DPTO_81_FINAL.gdb\\MGN_RURAL\MGN_ADM_DPTO_POLITICO D:\jcbustosd\JCBUSTOSD_2021\MGN_RURAL_2021\EMPALME_MGN_2021\GDB_MGN_FINAL.gdb\MGN_RURAL\MGN_ADM_DPTO_POLITICO TEST # #</Process><Process Name="Append" ToolSource="c:\program files (x86)\arcgis\desktop10.5\ArcToolbox\Toolboxes\Data Management Tools.tbx\Append" Date="20211019" Time="101521">Append \\Dg-est003\INSUMOS_2021\ENTREGAS\85_CASANARE\GDB_FINAL\GDB_DPTO_85_FINAL.gdb\\MGN_RURAL\MGN_ADM_DPTO_POLITICO D:\jcbustosd\JCBUSTOSD_2021\MGN_RURAL_2021\EMPALME_MGN_2021\GDB_MGN_FINAL.gdb\MGN_RURAL\MGN_ADM_DPTO_POLITICO TEST # #</Process><Process Name="Append" ToolSource="c:\program files (x86)\arcgis\desktop10.5\ArcToolbox\Toolboxes\Data Management Tools.tbx\Append" Date="20211019" Time="101524">Append \\Dg-est003\INSUMOS_2021\ENTREGAS\86_PUTUMAYO\GDB_FINAL\GDB_DPTO_86_FINAL.gdb\\MGN_RURAL\MGN_ADM_DPTO_POLITICO D:\jcbustosd\JCBUSTOSD_2021\MGN_RURAL_2021\EMPALME_MGN_2021\GDB_MGN_FINAL.gdb\MGN_RURAL\MGN_ADM_DPTO_POLITICO TEST # #</Process><Process Name="Append" ToolSource="c:\program files (x86)\arcgis\desktop10.5\ArcToolbox\Toolboxes\Data Management Tools.tbx\Append" Date="20211019" Time="101526">Append \\Dg-est003\INSUMOS_2021\ENTREGAS\88_SAN_ANDRES\GDB_FINAL\GDB_DPTO_88_FINAL.gdb\\MGN_RURAL\MGN_ADM_DPTO_POLITICO D:\jcbustosd\JCBUSTOSD_2021\MGN_RURAL_2021\EMPALME_MGN_2021\GDB_MGN_FINAL.gdb\MGN_RURAL\MGN_ADM_DPTO_POLITICO TEST # #</Process><Process Name="Append" ToolSource="c:\program files (x86)\arcgis\desktop10.5\ArcToolbox\Toolboxes\Data Management Tools.tbx\Append" Date="20211019" Time="101529">Append \\Dg-est003\INSUMOS_2021\ENTREGAS\91_AMAZONAS\GDB_FINAL\GDB_DPTO_91_FINAL.gdb\\MGN_RURAL\MGN_ADM_DPTO_POLITICO D:\jcbustosd\JCBUSTOSD_2021\MGN_RURAL_2021\EMPALME_MGN_2021\GDB_MGN_FINAL.gdb\MGN_RURAL\MGN_ADM_DPTO_POLITICO TEST # #</Process><Process Name="Append" ToolSource="c:\program files (x86)\arcgis\desktop10.5\ArcToolbox\Toolboxes\Data Management Tools.tbx\Append" Date="20211019" Time="101531">Append \\Dg-est003\INSUMOS_2021\ENTREGAS\94_GUAINIA\GDB_FINAL\GDB_DPTO_94_FINAL.gdb\\MGN_RURAL\MGN_ADM_DPTO_POLITICO D:\jcbustosd\JCBUSTOSD_2021\MGN_RURAL_2021\EMPALME_MGN_2021\GDB_MGN_FINAL.gdb\MGN_RURAL\MGN_ADM_DPTO_POLITICO TEST # #</Process><Process Name="Append" ToolSource="c:\program files (x86)\arcgis\desktop10.5\ArcToolbox\Toolboxes\Data Management Tools.tbx\Append" Date="20211019" Time="101534">Append \\Dg-est003\INSUMOS_2021\ENTREGAS\95_GUAVIARE\GDB_FINAL\GDB_DPTO_95_FINAL.gdb\\MGN_RURAL\MGN_ADM_DPTO_POLITICO D:\jcbustosd\JCBUSTOSD_2021\MGN_RURAL_2021\EMPALME_MGN_2021\GDB_MGN_FINAL.gdb\MGN_RURAL\MGN_ADM_DPTO_POLITICO TEST # #</Process><Process Name="Append" ToolSource="c:\program files (x86)\arcgis\desktop10.5\ArcToolbox\Toolboxes\Data Management Tools.tbx\Append" Date="20211019" Time="101535">Append \\Dg-est003\INSUMOS_2021\ENTREGAS\97_VAUPES\GDB_FINAL\GDB_DPTO_97_FINAL.gdb\\MGN_RURAL\MGN_ADM_DPTO_POLITICO D:\jcbustosd\JCBUSTOSD_2021\MGN_RURAL_2021\EMPALME_MGN_2021\GDB_MGN_FINAL.gdb\MGN_RURAL\MGN_ADM_DPTO_POLITICO TEST # #</Process><Process Name="Append" ToolSource="c:\program files (x86)\arcgis\desktop10.5\ArcToolbox\Toolboxes\Data Management Tools.tbx\Append" Date="20211019" Time="101537">Append \\Dg-est003\INSUMOS_2021\ENTREGAS\99_VICHADA\GDB_FINAL\GDB_DPTO_99_FINAL.gdb\\MGN_RURAL\MGN_ADM_DPTO_POLITICO D:\jcbustosd\JCBUSTOSD_2021\MGN_RURAL_2021\EMPALME_MGN_2021\GDB_MGN_FINAL.gdb\MGN_RURAL\MGN_ADM_DPTO_POLITICO TEST # #</Process><Process Name="Delete Rows (5)" ToolSource="c:\program files (x86)\arcgis\desktop10.5\ArcToolbox\Toolboxes\Data Management Tools.tbx\DeleteRows" Date="20211020" Time="113137">DeleteRows D:\jcbustosd\JCBUSTOSD_2021\MGN_RURAL_2021\EMPALME_MGN_2021\GDB_MGN_FINAL.gdb\MGN_RURAL\MGN_ADM_DPTO_POLITICO</Process><Process Name="Append" ToolSource="c:\program files (x86)\arcgis\desktop10.5\ArcToolbox\Toolboxes\Data Management Tools.tbx\Append" Date="20211020" Time="120539">Append \\Dg-est003\INSUMOS_2021\ENTREGAS\05_ANTIOQUIA\GDB_FINAL\GDB_DPTO_05_FINAL.gdb\MGN_RURAL\MGN_ADM_DPTO_POLITICO D:\jcbustosd\JCBUSTOSD_2021\MGN_RURAL_2021\EMPALME_MGN_2021\GDB_MGN_FINAL.gdb\MGN_RURAL\MGN_ADM_DPTO_POLITICO TEST # #</Process><Process Name="Append" ToolSource="c:\program files (x86)\arcgis\desktop10.5\ArcToolbox\Toolboxes\Data Management Tools.tbx\Append" Date="20211020" Time="120540">Append \\Dg-est003\INSUMOS_2021\ENTREGAS\08_ATLANTICO\GDB_FINAL\GDB_DPTO_08_FINAL.gdb\\MGN_RURAL\MGN_ADM_DPTO_POLITICO D:\jcbustosd\JCBUSTOSD_2021\MGN_RURAL_2021\EMPALME_MGN_2021\GDB_MGN_FINAL.gdb\MGN_RURAL\MGN_ADM_DPTO_POLITICO TEST # #</Process><Process Name="Append" ToolSource="c:\program files (x86)\arcgis\desktop10.5\ArcToolbox\Toolboxes\Data Management Tools.tbx\Append" Date="20211020" Time="120541">Append \\Dg-est003\INSUMOS_2021\ENTREGAS\11_BOGOTA_DC\GDB_FINAL\GDB_DPTO_11_FINAL.gdb\\MGN_RURAL\MGN_ADM_DPTO_POLITICO D:\jcbustosd\JCBUSTOSD_2021\MGN_RURAL_2021\EMPALME_MGN_2021\GDB_MGN_FINAL.gdb\MGN_RURAL\MGN_ADM_DPTO_POLITICO TEST # #</Process><Process Name="Append" ToolSource="c:\program files (x86)\arcgis\desktop10.5\ArcToolbox\Toolboxes\Data Management Tools.tbx\Append" Date="20211020" Time="120543">Append \\Dg-est003\INSUMOS_2021\ENTREGAS\13_BOLIVAR\GDB_FINAL\GDB_DPTO_13_FINAL.gdb\\MGN_RURAL\MGN_ADM_DPTO_POLITICO D:\jcbustosd\JCBUSTOSD_2021\MGN_RURAL_2021\EMPALME_MGN_2021\GDB_MGN_FINAL.gdb\MGN_RURAL\MGN_ADM_DPTO_POLITICO TEST # #</Process><Process Name="Append" ToolSource="c:\program files (x86)\arcgis\desktop10.5\ArcToolbox\Toolboxes\Data Management Tools.tbx\Append" Date="20211020" Time="120544">Append \\Dg-est003\INSUMOS_2021\ENTREGAS\15_BOYACA\GDB_FINAL\GDB_DPTO_15_FINAL.gdb\\MGN_RURAL\MGN_ADM_DPTO_POLITICO D:\jcbustosd\JCBUSTOSD_2021\MGN_RURAL_2021\EMPALME_MGN_2021\GDB_MGN_FINAL.gdb\MGN_RURAL\MGN_ADM_DPTO_POLITICO TEST # #</Process><Process Name="Append" ToolSource="c:\program files (x86)\arcgis\desktop10.5\ArcToolbox\Toolboxes\Data Management Tools.tbx\Append" Date="20211020" Time="120545">Append \\Dg-est003\INSUMOS_2021\ENTREGAS\17_CALDAS\GDB_FINAL\GDB_DPTO_17_FINAL.gdb\\MGN_RURAL\MGN_ADM_DPTO_POLITICO D:\jcbustosd\JCBUSTOSD_2021\MGN_RURAL_2021\EMPALME_MGN_2021\GDB_MGN_FINAL.gdb\MGN_RURAL\MGN_ADM_DPTO_POLITICO TEST # #</Process><Process Name="Append" ToolSource="c:\program files (x86)\arcgis\desktop10.5\ArcToolbox\Toolboxes\Data Management Tools.tbx\Append" Date="20211020" Time="120547">Append \\Dg-est003\INSUMOS_2021\ENTREGAS\18_CAQUETA\GDB_FINAL\GDB_DPTO_18_FINAL.gdb\\MGN_RURAL\MGN_ADM_DPTO_POLITICO D:\jcbustosd\JCBUSTOSD_2021\MGN_RURAL_2021\EMPALME_MGN_2021\GDB_MGN_FINAL.gdb\MGN_RURAL\MGN_ADM_DPTO_POLITICO TEST # #</Process><Process Name="Append" ToolSource="c:\program files (x86)\arcgis\desktop10.5\ArcToolbox\Toolboxes\Data Management Tools.tbx\Append" Date="20211020" Time="120551">Append \\Dg-est003\INSUMOS_2021\ENTREGAS\19_CAUCA\GDB_FINAL\GDB_DPTO_19_FINAL.gdb\\MGN_RURAL\MGN_ADM_DPTO_POLITICO D:\jcbustosd\JCBUSTOSD_2021\MGN_RURAL_2021\EMPALME_MGN_2021\GDB_MGN_FINAL.gdb\MGN_RURAL\MGN_ADM_DPTO_POLITICO TEST # #</Process><Process Name="Append" ToolSource="c:\program files (x86)\arcgis\desktop10.5\ArcToolbox\Toolboxes\Data Management Tools.tbx\Append" Date="20211020" Time="120554">Append \\Dg-est003\INSUMOS_2021\ENTREGAS\20_CESAR\GDB_FINAL\GDB_DPTO_20_FINAL.gdb\\MGN_RURAL\MGN_ADM_DPTO_POLITICO D:\jcbustosd\JCBUSTOSD_2021\MGN_RURAL_2021\EMPALME_MGN_2021\GDB_MGN_FINAL.gdb\MGN_RURAL\MGN_ADM_DPTO_POLITICO TEST # #</Process><Process Name="Append" ToolSource="c:\program files (x86)\arcgis\desktop10.5\ArcToolbox\Toolboxes\Data Management Tools.tbx\Append" Date="20211020" Time="120555">Append \\Dg-est003\INSUMOS_2021\ENTREGAS\23_CORDOBA\GDB_FINAL\GDB_DPTO_23_FINAL.gdb\\MGN_RURAL\MGN_ADM_DPTO_POLITICO D:\jcbustosd\JCBUSTOSD_2021\MGN_RURAL_2021\EMPALME_MGN_2021\GDB_MGN_FINAL.gdb\MGN_RURAL\MGN_ADM_DPTO_POLITICO TEST # #</Process><Process Name="Append" ToolSource="c:\program files (x86)\arcgis\desktop10.5\ArcToolbox\Toolboxes\Data Management Tools.tbx\Append" Date="20211020" Time="120556">Append \\Dg-est003\INSUMOS_2021\ENTREGAS\25_CUNDINAMARCA\GDB_FINAL\GDB_DPTO_25_FINAL.gdb\\MGN_RURAL\MGN_ADM_DPTO_POLITICO D:\jcbustosd\JCBUSTOSD_2021\MGN_RURAL_2021\EMPALME_MGN_2021\GDB_MGN_FINAL.gdb\MGN_RURAL\MGN_ADM_DPTO_POLITICO TEST # #</Process><Process Name="Append" ToolSource="c:\program files (x86)\arcgis\desktop10.5\ArcToolbox\Toolboxes\Data Management Tools.tbx\Append" Date="20211020" Time="120558">Append \\Dg-est003\INSUMOS_2021\ENTREGAS\27_CHOCO\GDB_FINAL\GDB_DPTO_27_FINAL.gdb\\MGN_RURAL\MGN_ADM_DPTO_POLITICO D:\jcbustosd\JCBUSTOSD_2021\MGN_RURAL_2021\EMPALME_MGN_2021\GDB_MGN_FINAL.gdb\MGN_RURAL\MGN_ADM_DPTO_POLITICO TEST # #</Process><Process Name="Append" ToolSource="c:\program files (x86)\arcgis\desktop10.5\ArcToolbox\Toolboxes\Data Management Tools.tbx\Append" Date="20211020" Time="120608">Append \\Dg-est003\INSUMOS_2021\ENTREGAS\41_HUILA\GDB_FINAL\GDB_DPTO_41_FINAL.gdb\\MGN_RURAL\MGN_ADM_DPTO_POLITICO D:\jcbustosd\JCBUSTOSD_2021\MGN_RURAL_2021\EMPALME_MGN_2021\GDB_MGN_FINAL.gdb\MGN_RURAL\MGN_ADM_DPTO_POLITICO TEST # #</Process><Process Name="Append" ToolSource="c:\program files (x86)\arcgis\desktop10.5\ArcToolbox\Toolboxes\Data Management Tools.tbx\Append" Date="20211020" Time="120611">Append \\Dg-est003\INSUMOS_2021\ENTREGAS\44_LA_GUAJIRA\GDB_FINAL\GDB_DPTO_44_FINAL.gdb\\MGN_RURAL\MGN_ADM_DPTO_POLITICO D:\jcbustosd\JCBUSTOSD_2021\MGN_RURAL_2021\EMPALME_MGN_2021\GDB_MGN_FINAL.gdb\MGN_RURAL\MGN_ADM_DPTO_POLITICO TEST # #</Process><Process Name="Append" ToolSource="c:\program files (x86)\arcgis\desktop10.5\ArcToolbox\Toolboxes\Data Management Tools.tbx\Append" Date="20211020" Time="120613">Append \\Dg-est003\INSUMOS_2021\ENTREGAS\47_MAGDALENA\GDB_FINAL\GDB_DPTO_47_FINAL.gdb\\MGN_RURAL\MGN_ADM_DPTO_POLITICO D:\jcbustosd\JCBUSTOSD_2021\MGN_RURAL_2021\EMPALME_MGN_2021\GDB_MGN_FINAL.gdb\MGN_RURAL\MGN_ADM_DPTO_POLITICO TEST # #</Process><Process Name="Append" ToolSource="c:\program files (x86)\arcgis\desktop10.5\ArcToolbox\Toolboxes\Data Management Tools.tbx\Append" Date="20211020" Time="120614">Append \\Dg-est003\INSUMOS_2021\ENTREGAS\50_META\GDB_FINAL\GDB_DPTO_50_FINAL.gdb\\MGN_RURAL\MGN_ADM_DPTO_POLITICO D:\jcbustosd\JCBUSTOSD_2021\MGN_RURAL_2021\EMPALME_MGN_2021\GDB_MGN_FINAL.gdb\MGN_RURAL\MGN_ADM_DPTO_POLITICO TEST # #</Process><Process Name="Append" ToolSource="c:\program files (x86)\arcgis\desktop10.5\ArcToolbox\Toolboxes\Data Management Tools.tbx\Append" Date="20211020" Time="120615">Append \\Dg-est003\INSUMOS_2021\ENTREGAS\52_NARINO\GDB_FINAL\GDB_DPTO_52_FINAL.gdb\\MGN_RURAL\MGN_ADM_DPTO_POLITICO D:\jcbustosd\JCBUSTOSD_2021\MGN_RURAL_2021\EMPALME_MGN_2021\GDB_MGN_FINAL.gdb\MGN_RURAL\MGN_ADM_DPTO_POLITICO TEST # #</Process><Process Name="Append" ToolSource="c:\program files (x86)\arcgis\desktop10.5\ArcToolbox\Toolboxes\Data Management Tools.tbx\Append" Date="20211020" Time="120617">Append \\Dg-est003\INSUMOS_2021\ENTREGAS\54_NORTE_DE_SANTANDER\GDB_FINAL\GDB_DPTO_54_FINAL.gdb\\MGN_RURAL\MGN_ADM_DPTO_POLITICO D:\jcbustosd\JCBUSTOSD_2021\MGN_RURAL_2021\EMPALME_MGN_2021\GDB_MGN_FINAL.gdb\MGN_RURAL\MGN_ADM_DPTO_POLITICO TEST # #</Process><Process Name="Append" ToolSource="c:\program files (x86)\arcgis\desktop10.5\ArcToolbox\Toolboxes\Data Management Tools.tbx\Append" Date="20211020" Time="120618">Append \\Dg-est003\INSUMOS_2021\ENTREGAS\63_QUINDIO\GDB_FINAL\GDB_DPTO_63_FINAL.gdb\\MGN_RURAL\MGN_ADM_DPTO_POLITICO D:\jcbustosd\JCBUSTOSD_2021\MGN_RURAL_2021\EMPALME_MGN_2021\GDB_MGN_FINAL.gdb\MGN_RURAL\MGN_ADM_DPTO_POLITICO TEST # #</Process><Process Name="Append" ToolSource="c:\program files (x86)\arcgis\desktop10.5\ArcToolbox\Toolboxes\Data Management Tools.tbx\Append" Date="20211020" Time="120620">Append \\Dg-est003\INSUMOS_2021\ENTREGAS\66_RISARALDA\GDB_FINAL\GDB_DPTO_66_FINAL.gdb\\MGN_RURAL\MGN_ADM_DPTO_POLITICO D:\jcbustosd\JCBUSTOSD_2021\MGN_RURAL_2021\EMPALME_MGN_2021\GDB_MGN_FINAL.gdb\MGN_RURAL\MGN_ADM_DPTO_POLITICO TEST # #</Process><Process Name="Append" ToolSource="c:\program files (x86)\arcgis\desktop10.5\ArcToolbox\Toolboxes\Data Management Tools.tbx\Append" Date="20211020" Time="120621">Append \\Dg-est003\INSUMOS_2021\ENTREGAS\68_SANTANDER\GDB_FINAL\GDB_DPTO_68_FINAL.gdb\\MGN_RURAL\MGN_ADM_DPTO_POLITICO D:\jcbustosd\JCBUSTOSD_2021\MGN_RURAL_2021\EMPALME_MGN_2021\GDB_MGN_FINAL.gdb\MGN_RURAL\MGN_ADM_DPTO_POLITICO TEST # #</Process><Process Name="Append" ToolSource="c:\program files (x86)\arcgis\desktop10.5\ArcToolbox\Toolboxes\Data Management Tools.tbx\Append" Date="20211020" Time="120623">Append \\Dg-est003\INSUMOS_2021\ENTREGAS\70_SUCRE\GDB_FINAL\GDB_DPTO_70_FINAL.gdb\\MGN_RURAL\MGN_ADM_DPTO_POLITICO D:\jcbustosd\JCBUSTOSD_2021\MGN_RURAL_2021\EMPALME_MGN_2021\GDB_MGN_FINAL.gdb\MGN_RURAL\MGN_ADM_DPTO_POLITICO TEST # #</Process><Process Name="Append" ToolSource="c:\program files (x86)\arcgis\desktop10.5\ArcToolbox\Toolboxes\Data Management Tools.tbx\Append" Date="20211020" Time="120624">Append \\Dg-est003\INSUMOS_2021\ENTREGAS\73_TOLIMA\GDB_FINAL\GDB_DPTO_73_FINAL.gdb\\MGN_RURAL\MGN_ADM_DPTO_POLITICO D:\jcbustosd\JCBUSTOSD_2021\MGN_RURAL_2021\EMPALME_MGN_2021\GDB_MGN_FINAL.gdb\MGN_RURAL\MGN_ADM_DPTO_POLITICO TEST # #</Process><Process Name="Append" ToolSource="c:\program files (x86)\arcgis\desktop10.5\ArcToolbox\Toolboxes\Data Management Tools.tbx\Append" Date="20211020" Time="120626">Append \\Dg-est003\INSUMOS_2021\ENTREGAS\76_VALLE_DEL_CAUCA\GDB_FINAL\GDB_DPTO_76_FINAL.gdb\\MGN_RURAL\MGN_ADM_DPTO_POLITICO D:\jcbustosd\JCBUSTOSD_2021\MGN_RURAL_2021\EMPALME_MGN_2021\GDB_MGN_FINAL.gdb\MGN_RURAL\MGN_ADM_DPTO_POLITICO TEST # #</Process><Process Name="Append" ToolSource="c:\program files (x86)\arcgis\desktop10.5\ArcToolbox\Toolboxes\Data Management Tools.tbx\Append" Date="20211020" Time="120629">Append \\Dg-est003\INSUMOS_2021\ENTREGAS\81_ARAUCA\GDB_FINAL\GDB_DPTO_81_FINAL.gdb\\MGN_RURAL\MGN_ADM_DPTO_POLITICO D:\jcbustosd\JCBUSTOSD_2021\MGN_RURAL_2021\EMPALME_MGN_2021\GDB_MGN_FINAL.gdb\MGN_RURAL\MGN_ADM_DPTO_POLITICO TEST # #</Process><Process Name="Append" ToolSource="c:\program files (x86)\arcgis\desktop10.5\ArcToolbox\Toolboxes\Data Management Tools.tbx\Append" Date="20211020" Time="120631">Append \\Dg-est003\INSUMOS_2021\ENTREGAS\85_CASANARE\GDB_FINAL\GDB_DPTO_85_FINAL.gdb\\MGN_RURAL\MGN_ADM_DPTO_POLITICO D:\jcbustosd\JCBUSTOSD_2021\MGN_RURAL_2021\EMPALME_MGN_2021\GDB_MGN_FINAL.gdb\MGN_RURAL\MGN_ADM_DPTO_POLITICO TEST # #</Process><Process Name="Append" ToolSource="c:\program files (x86)\arcgis\desktop10.5\ArcToolbox\Toolboxes\Data Management Tools.tbx\Append" Date="20211020" Time="120635">Append \\Dg-est003\INSUMOS_2021\ENTREGAS\86_PUTUMAYO\GDB_FINAL\GDB_DPTO_86_FINAL.gdb\\MGN_RURAL\MGN_ADM_DPTO_POLITICO D:\jcbustosd\JCBUSTOSD_2021\MGN_RURAL_2021\EMPALME_MGN_2021\GDB_MGN_FINAL.gdb\MGN_RURAL\MGN_ADM_DPTO_POLITICO TEST # #</Process><Process Name="Append" ToolSource="c:\program files (x86)\arcgis\desktop10.5\ArcToolbox\Toolboxes\Data Management Tools.tbx\Append" Date="20211020" Time="120638">Append \\Dg-est003\INSUMOS_2021\ENTREGAS\88_SAN_ANDRES\GDB_FINAL\GDB_DPTO_88_FINAL.gdb\\MGN_RURAL\MGN_ADM_DPTO_POLITICO D:\jcbustosd\JCBUSTOSD_2021\MGN_RURAL_2021\EMPALME_MGN_2021\GDB_MGN_FINAL.gdb\MGN_RURAL\MGN_ADM_DPTO_POLITICO TEST # #</Process><Process Name="Append" ToolSource="c:\program files (x86)\arcgis\desktop10.5\ArcToolbox\Toolboxes\Data Management Tools.tbx\Append" Date="20211020" Time="120641">Append \\Dg-est003\INSUMOS_2021\ENTREGAS\91_AMAZONAS\GDB_FINAL\GDB_DPTO_91_FINAL.gdb\\MGN_RURAL\MGN_ADM_DPTO_POLITICO D:\jcbustosd\JCBUSTOSD_2021\MGN_RURAL_2021\EMPALME_MGN_2021\GDB_MGN_FINAL.gdb\MGN_RURAL\MGN_ADM_DPTO_POLITICO TEST # #</Process><Process Name="Append" ToolSource="c:\program files (x86)\arcgis\desktop10.5\ArcToolbox\Toolboxes\Data Management Tools.tbx\Append" Date="20211020" Time="120643">Append \\Dg-est003\INSUMOS_2021\ENTREGAS\94_GUAINIA\GDB_FINAL\GDB_DPTO_94_FINAL.gdb\\MGN_RURAL\MGN_ADM_DPTO_POLITICO D:\jcbustosd\JCBUSTOSD_2021\MGN_RURAL_2021\EMPALME_MGN_2021\GDB_MGN_FINAL.gdb\MGN_RURAL\MGN_ADM_DPTO_POLITICO TEST # #</Process><Process Name="Append" ToolSource="c:\program files (x86)\arcgis\desktop10.5\ArcToolbox\Toolboxes\Data Management Tools.tbx\Append" Date="20211020" Time="120645">Append \\Dg-est003\INSUMOS_2021\ENTREGAS\95_GUAVIARE\GDB_FINAL\GDB_DPTO_95_FINAL.gdb\\MGN_RURAL\MGN_ADM_DPTO_POLITICO D:\jcbustosd\JCBUSTOSD_2021\MGN_RURAL_2021\EMPALME_MGN_2021\GDB_MGN_FINAL.gdb\MGN_RURAL\MGN_ADM_DPTO_POLITICO TEST # #</Process><Process Name="Append" ToolSource="c:\program files (x86)\arcgis\desktop10.5\ArcToolbox\Toolboxes\Data Management Tools.tbx\Append" Date="20211020" Time="120648">Append \\Dg-est003\INSUMOS_2021\ENTREGAS\97_VAUPES\GDB_FINAL\GDB_DPTO_97_FINAL.gdb\\MGN_RURAL\MGN_ADM_DPTO_POLITICO D:\jcbustosd\JCBUSTOSD_2021\MGN_RURAL_2021\EMPALME_MGN_2021\GDB_MGN_FINAL.gdb\MGN_RURAL\MGN_ADM_DPTO_POLITICO TEST # #</Process><Process Name="Append" ToolSource="c:\program files (x86)\arcgis\desktop10.5\ArcToolbox\Toolboxes\Data Management Tools.tbx\Append" Date="20211020" Time="120651">Append \\Dg-est003\INSUMOS_2021\ENTREGAS\99_VICHADA\GDB_FINAL\GDB_DPTO_99_FINAL.gdb\\MGN_RURAL\MGN_ADM_DPTO_POLITICO D:\jcbustosd\JCBUSTOSD_2021\MGN_RURAL_2021\EMPALME_MGN_2021\GDB_MGN_FINAL.gdb\MGN_RURAL\MGN_ADM_DPTO_POLITICO TEST # #</Process><Process Name="Delete Rows (5)" ToolSource="c:\program files (x86)\arcgis\desktop10.5\ArcToolbox\Toolboxes\Data Management Tools.tbx\DeleteRows" Date="20211021" Time="094641">DeleteRows D:\jcbustosd\JCBUSTOSD_2021\MGN_RURAL_2021\EMPALME_MGN_2021\GDB_MGN_FINAL.gdb\MGN_RURAL\MGN_ADM_DPTO_POLITICO</Process><Process Name="Append" ToolSource="c:\program files (x86)\arcgis\desktop10.5\ArcToolbox\Toolboxes\Data Management Tools.tbx\Append" Date="20211021" Time="110737">Append \\Dg-est003\INSUMOS_2021\ENTREGAS\05_ANTIOQUIA\GDB_FINAL\GDB_DPTO_05_FINAL.gdb\MGN_RURAL\MGN_ADM_DPTO_POLITICO D:\jcbustosd\JCBUSTOSD_2021\MGN_RURAL_2021\EMPALME_MGN_2021\GDB_MGN_FINAL.gdb\MGN_RURAL\MGN_ADM_DPTO_POLITICO TEST # #</Process><Process Name="Append" ToolSource="c:\program files (x86)\arcgis\desktop10.5\ArcToolbox\Toolboxes\Data Management Tools.tbx\Append" Date="20211021" Time="110737">Append \\Dg-est003\INSUMOS_2021\ENTREGAS\08_ATLANTICO\GDB_FINAL\GDB_DPTO_08_FINAL.gdb\\MGN_RURAL\MGN_ADM_DPTO_POLITICO D:\jcbustosd\JCBUSTOSD_2021\MGN_RURAL_2021\EMPALME_MGN_2021\GDB_MGN_FINAL.gdb\MGN_RURAL\MGN_ADM_DPTO_POLITICO TEST # #</Process><Process Name="Append" ToolSource="c:\program files (x86)\arcgis\desktop10.5\ArcToolbox\Toolboxes\Data Management Tools.tbx\Append" Date="20211021" Time="110738">Append \\Dg-est003\INSUMOS_2021\ENTREGAS\11_BOGOTA_DC\GDB_FINAL\GDB_DPTO_11_FINAL.gdb\\MGN_RURAL\MGN_ADM_DPTO_POLITICO D:\jcbustosd\JCBUSTOSD_2021\MGN_RURAL_2021\EMPALME_MGN_2021\GDB_MGN_FINAL.gdb\MGN_RURAL\MGN_ADM_DPTO_POLITICO TEST # #</Process><Process Name="Append" ToolSource="c:\program files (x86)\arcgis\desktop10.5\ArcToolbox\Toolboxes\Data Management Tools.tbx\Append" Date="20211021" Time="110739">Append \\Dg-est003\INSUMOS_2021\ENTREGAS\13_BOLIVAR\GDB_FINAL\GDB_DPTO_13_FINAL.gdb\\MGN_RURAL\MGN_ADM_DPTO_POLITICO D:\jcbustosd\JCBUSTOSD_2021\MGN_RURAL_2021\EMPALME_MGN_2021\GDB_MGN_FINAL.gdb\MGN_RURAL\MGN_ADM_DPTO_POLITICO TEST # #</Process><Process Name="Append" ToolSource="c:\program files (x86)\arcgis\desktop10.5\ArcToolbox\Toolboxes\Data Management Tools.tbx\Append" Date="20211021" Time="110740">Append \\Dg-est003\INSUMOS_2021\ENTREGAS\15_BOYACA\GDB_FINAL\GDB_DPTO_15_FINAL.gdb\\MGN_RURAL\MGN_ADM_DPTO_POLITICO D:\jcbustosd\JCBUSTOSD_2021\MGN_RURAL_2021\EMPALME_MGN_2021\GDB_MGN_FINAL.gdb\MGN_RURAL\MGN_ADM_DPTO_POLITICO TEST # #</Process><Process Name="Append" ToolSource="c:\program files (x86)\arcgis\desktop10.5\ArcToolbox\Toolboxes\Data Management Tools.tbx\Append" Date="20211021" Time="110740">Append \\Dg-est003\INSUMOS_2021\ENTREGAS\17_CALDAS\GDB_FINAL\GDB_DPTO_17_FINAL.gdb\\MGN_RURAL\MGN_ADM_DPTO_POLITICO D:\jcbustosd\JCBUSTOSD_2021\MGN_RURAL_2021\EMPALME_MGN_2021\GDB_MGN_FINAL.gdb\MGN_RURAL\MGN_ADM_DPTO_POLITICO TEST # #</Process><Process Name="Append" ToolSource="c:\program files (x86)\arcgis\desktop10.5\ArcToolbox\Toolboxes\Data Management Tools.tbx\Append" Date="20211021" Time="110741">Append \\Dg-est003\INSUMOS_2021\ENTREGAS\18_CAQUETA\GDB_FINAL\GDB_DPTO_18_FINAL.gdb\\MGN_RURAL\MGN_ADM_DPTO_POLITICO D:\jcbustosd\JCBUSTOSD_2021\MGN_RURAL_2021\EMPALME_MGN_2021\GDB_MGN_FINAL.gdb\MGN_RURAL\MGN_ADM_DPTO_POLITICO TEST # #</Process><Process Name="Append" ToolSource="c:\program files (x86)\arcgis\desktop10.5\ArcToolbox\Toolboxes\Data Management Tools.tbx\Append" Date="20211021" Time="110742">Append \\Dg-est003\INSUMOS_2021\ENTREGAS\19_CAUCA\GDB_FINAL\GDB_DPTO_19_FINAL.gdb\\MGN_RURAL\MGN_ADM_DPTO_POLITICO D:\jcbustosd\JCBUSTOSD_2021\MGN_RURAL_2021\EMPALME_MGN_2021\GDB_MGN_FINAL.gdb\MGN_RURAL\MGN_ADM_DPTO_POLITICO TEST # #</Process><Process Name="Append" ToolSource="c:\program files (x86)\arcgis\desktop10.5\ArcToolbox\Toolboxes\Data Management Tools.tbx\Append" Date="20211021" Time="110743">Append \\Dg-est003\INSUMOS_2021\ENTREGAS\20_CESAR\GDB_FINAL\GDB_DPTO_20_FINAL.gdb\\MGN_RURAL\MGN_ADM_DPTO_POLITICO D:\jcbustosd\JCBUSTOSD_2021\MGN_RURAL_2021\EMPALME_MGN_2021\GDB_MGN_FINAL.gdb\MGN_RURAL\MGN_ADM_DPTO_POLITICO TEST # #</Process><Process Name="Append" ToolSource="c:\program files (x86)\arcgis\desktop10.5\ArcToolbox\Toolboxes\Data Management Tools.tbx\Append" Date="20211021" Time="110744">Append \\Dg-est003\INSUMOS_2021\ENTREGAS\23_CORDOBA\GDB_FINAL\GDB_DPTO_23_FINAL.gdb\\MGN_RURAL\MGN_ADM_DPTO_POLITICO D:\jcbustosd\JCBUSTOSD_2021\MGN_RURAL_2021\EMPALME_MGN_2021\GDB_MGN_FINAL.gdb\MGN_RURAL\MGN_ADM_DPTO_POLITICO TEST # #</Process><Process Name="Append" ToolSource="c:\program files (x86)\arcgis\desktop10.5\ArcToolbox\Toolboxes\Data Management Tools.tbx\Append" Date="20211021" Time="110745">Append \\Dg-est003\INSUMOS_2021\ENTREGAS\25_CUNDINAMARCA\GDB_FINAL\GDB_DPTO_25_FINAL.gdb\\MGN_RURAL\MGN_ADM_DPTO_POLITICO D:\jcbustosd\JCBUSTOSD_2021\MGN_RURAL_2021\EMPALME_MGN_2021\GDB_MGN_FINAL.gdb\MGN_RURAL\MGN_ADM_DPTO_POLITICO TEST # #</Process><Process Name="Append" ToolSource="c:\program files (x86)\arcgis\desktop10.5\ArcToolbox\Toolboxes\Data Management Tools.tbx\Append" Date="20211021" Time="110745">Append \\Dg-est003\INSUMOS_2021\ENTREGAS\27_CHOCO\GDB_FINAL\GDB_DPTO_27_FINAL.gdb\\MGN_RURAL\MGN_ADM_DPTO_POLITICO D:\jcbustosd\JCBUSTOSD_2021\MGN_RURAL_2021\EMPALME_MGN_2021\GDB_MGN_FINAL.gdb\MGN_RURAL\MGN_ADM_DPTO_POLITICO TEST # #</Process><Process Name="Append" ToolSource="c:\program files (x86)\arcgis\desktop10.5\ArcToolbox\Toolboxes\Data Management Tools.tbx\Append" Date="20211021" Time="110746">Append \\Dg-est003\INSUMOS_2021\ENTREGAS\41_HUILA\GDB_FINAL\GDB_DPTO_41_FINAL.gdb\\MGN_RURAL\MGN_ADM_DPTO_POLITICO D:\jcbustosd\JCBUSTOSD_2021\MGN_RURAL_2021\EMPALME_MGN_2021\GDB_MGN_FINAL.gdb\MGN_RURAL\MGN_ADM_DPTO_POLITICO TEST # #</Process><Process Name="Append" ToolSource="c:\program files (x86)\arcgis\desktop10.5\ArcToolbox\Toolboxes\Data Management Tools.tbx\Append" Date="20211021" Time="110747">Append \\Dg-est003\INSUMOS_2021\ENTREGAS\44_LA_GUAJIRA\GDB_FINAL\GDB_DPTO_44_FINAL.gdb\\MGN_RURAL\MGN_ADM_DPTO_POLITICO D:\jcbustosd\JCBUSTOSD_2021\MGN_RURAL_2021\EMPALME_MGN_2021\GDB_MGN_FINAL.gdb\MGN_RURAL\MGN_ADM_DPTO_POLITICO TEST # #</Process><Process Name="Append" ToolSource="c:\program files (x86)\arcgis\desktop10.5\ArcToolbox\Toolboxes\Data Management Tools.tbx\Append" Date="20211021" Time="110748">Append \\Dg-est003\INSUMOS_2021\ENTREGAS\47_MAGDALENA\GDB_FINAL\GDB_DPTO_47_FINAL.gdb\\MGN_RURAL\MGN_ADM_DPTO_POLITICO D:\jcbustosd\JCBUSTOSD_2021\MGN_RURAL_2021\EMPALME_MGN_2021\GDB_MGN_FINAL.gdb\MGN_RURAL\MGN_ADM_DPTO_POLITICO TEST # #</Process><Process Name="Append" ToolSource="c:\program files (x86)\arcgis\desktop10.5\ArcToolbox\Toolboxes\Data Management Tools.tbx\Append" Date="20211021" Time="110749">Append \\Dg-est003\INSUMOS_2021\ENTREGAS\50_META\GDB_FINAL\GDB_DPTO_50_FINAL.gdb\\MGN_RURAL\MGN_ADM_DPTO_POLITICO D:\jcbustosd\JCBUSTOSD_2021\MGN_RURAL_2021\EMPALME_MGN_2021\GDB_MGN_FINAL.gdb\MGN_RURAL\MGN_ADM_DPTO_POLITICO TEST # #</Process><Process Name="Append" ToolSource="c:\program files (x86)\arcgis\desktop10.5\ArcToolbox\Toolboxes\Data Management Tools.tbx\Append" Date="20211021" Time="110750">Append \\Dg-est003\INSUMOS_2021\ENTREGAS\52_NARINO\GDB_FINAL\GDB_DPTO_52_FINAL.gdb\\MGN_RURAL\MGN_ADM_DPTO_POLITICO D:\jcbustosd\JCBUSTOSD_2021\MGN_RURAL_2021\EMPALME_MGN_2021\GDB_MGN_FINAL.gdb\MGN_RURAL\MGN_ADM_DPTO_POLITICO TEST # #</Process><Process Name="Append" ToolSource="c:\program files (x86)\arcgis\desktop10.5\ArcToolbox\Toolboxes\Data Management Tools.tbx\Append" Date="20211021" Time="110751">Append \\Dg-est003\INSUMOS_2021\ENTREGAS\54_NORTE_DE_SANTANDER\GDB_FINAL\GDB_DPTO_54_FINAL.gdb\\MGN_RURAL\MGN_ADM_DPTO_POLITICO D:\jcbustosd\JCBUSTOSD_2021\MGN_RURAL_2021\EMPALME_MGN_2021\GDB_MGN_FINAL.gdb\MGN_RURAL\MGN_ADM_DPTO_POLITICO TEST # #</Process><Process Name="Append" ToolSource="c:\program files (x86)\arcgis\desktop10.5\ArcToolbox\Toolboxes\Data Management Tools.tbx\Append" Date="20211021" Time="110751">Append \\Dg-est003\INSUMOS_2021\ENTREGAS\63_QUINDIO\GDB_FINAL\GDB_DPTO_63_FINAL.gdb\\MGN_RURAL\MGN_ADM_DPTO_POLITICO D:\jcbustosd\JCBUSTOSD_2021\MGN_RURAL_2021\EMPALME_MGN_2021\GDB_MGN_FINAL.gdb\MGN_RURAL\MGN_ADM_DPTO_POLITICO TEST # #</Process><Process Name="Append" ToolSource="c:\program files (x86)\arcgis\desktop10.5\ArcToolbox\Toolboxes\Data Management Tools.tbx\Append" Date="20211021" Time="110752">Append \\Dg-est003\INSUMOS_2021\ENTREGAS\66_RISARALDA\GDB_FINAL\GDB_DPTO_66_FINAL.gdb\\MGN_RURAL\MGN_ADM_DPTO_POLITICO D:\jcbustosd\JCBUSTOSD_2021\MGN_RURAL_2021\EMPALME_MGN_2021\GDB_MGN_FINAL.gdb\MGN_RURAL\MGN_ADM_DPTO_POLITICO TEST # #</Process><Process Name="Append" ToolSource="c:\program files (x86)\arcgis\desktop10.5\ArcToolbox\Toolboxes\Data Management Tools.tbx\Append" Date="20211021" Time="110753">Append \\Dg-est003\INSUMOS_2021\ENTREGAS\68_SANTANDER\GDB_FINAL\GDB_DPTO_68_FINAL.gdb\\MGN_RURAL\MGN_ADM_DPTO_POLITICO D:\jcbustosd\JCBUSTOSD_2021\MGN_RURAL_2021\EMPALME_MGN_2021\GDB_MGN_FINAL.gdb\MGN_RURAL\MGN_ADM_DPTO_POLITICO TEST # #</Process><Process Name="Append" ToolSource="c:\program files (x86)\arcgis\desktop10.5\ArcToolbox\Toolboxes\Data Management Tools.tbx\Append" Date="20211021" Time="110754">Append \\Dg-est003\INSUMOS_2021\ENTREGAS\70_SUCRE\GDB_FINAL\GDB_DPTO_70_FINAL.gdb\\MGN_RURAL\MGN_ADM_DPTO_POLITICO D:\jcbustosd\JCBUSTOSD_2021\MGN_RURAL_2021\EMPALME_MGN_2021\GDB_MGN_FINAL.gdb\MGN_RURAL\MGN_ADM_DPTO_POLITICO TEST # #</Process><Process Name="Append" ToolSource="c:\program files (x86)\arcgis\desktop10.5\ArcToolbox\Toolboxes\Data Management Tools.tbx\Append" Date="20211021" Time="110755">Append \\Dg-est003\INSUMOS_2021\ENTREGAS\73_TOLIMA\GDB_FINAL\GDB_DPTO_73_FINAL.gdb\\MGN_RURAL\MGN_ADM_DPTO_POLITICO D:\jcbustosd\JCBUSTOSD_2021\MGN_RURAL_2021\EMPALME_MGN_2021\GDB_MGN_FINAL.gdb\MGN_RURAL\MGN_ADM_DPTO_POLITICO TEST # #</Process><Process Name="Append" ToolSource="c:\program files (x86)\arcgis\desktop10.5\ArcToolbox\Toolboxes\Data Management Tools.tbx\Append" Date="20211021" Time="110756">Append \\Dg-est003\INSUMOS_2021\ENTREGAS\76_VALLE_DEL_CAUCA\GDB_FINAL\GDB_DPTO_76_FINAL.gdb\\MGN_RURAL\MGN_ADM_DPTO_POLITICO D:\jcbustosd\JCBUSTOSD_2021\MGN_RURAL_2021\EMPALME_MGN_2021\GDB_MGN_FINAL.gdb\MGN_RURAL\MGN_ADM_DPTO_POLITICO TEST # #</Process><Process Name="Append" ToolSource="c:\program files (x86)\arcgis\desktop10.5\ArcToolbox\Toolboxes\Data Management Tools.tbx\Append" Date="20211021" Time="110758">Append \\Dg-est003\INSUMOS_2021\ENTREGAS\81_ARAUCA\GDB_FINAL\GDB_DPTO_81_FINAL.gdb\\MGN_RURAL\MGN_ADM_DPTO_POLITICO D:\jcbustosd\JCBUSTOSD_2021\MGN_RURAL_2021\EMPALME_MGN_2021\GDB_MGN_FINAL.gdb\MGN_RURAL\MGN_ADM_DPTO_POLITICO TEST # #</Process><Process Name="Append" ToolSource="c:\program files (x86)\arcgis\desktop10.5\ArcToolbox\Toolboxes\Data Management Tools.tbx\Append" Date="20211021" Time="110759">Append \\Dg-est003\INSUMOS_2021\ENTREGAS\85_CASANARE\GDB_FINAL\GDB_DPTO_85_FINAL.gdb\\MGN_RURAL\MGN_ADM_DPTO_POLITICO D:\jcbustosd\JCBUSTOSD_2021\MGN_RURAL_2021\EMPALME_MGN_2021\GDB_MGN_FINAL.gdb\MGN_RURAL\MGN_ADM_DPTO_POLITICO TEST # #</Process><Process Name="Append" ToolSource="c:\program files (x86)\arcgis\desktop10.5\ArcToolbox\Toolboxes\Data Management Tools.tbx\Append" Date="20211021" Time="110800">Append \\Dg-est003\INSUMOS_2021\ENTREGAS\86_PUTUMAYO\GDB_FINAL\GDB_DPTO_86_FINAL.gdb\\MGN_RURAL\MGN_ADM_DPTO_POLITICO D:\jcbustosd\JCBUSTOSD_2021\MGN_RURAL_2021\EMPALME_MGN_2021\GDB_MGN_FINAL.gdb\MGN_RURAL\MGN_ADM_DPTO_POLITICO TEST # #</Process><Process Name="Append" ToolSource="c:\program files (x86)\arcgis\desktop10.5\ArcToolbox\Toolboxes\Data Management Tools.tbx\Append" Date="20211021" Time="110801">Append \\Dg-est003\INSUMOS_2021\ENTREGAS\88_SAN_ANDRES\GDB_FINAL\GDB_DPTO_88_FINAL.gdb\\MGN_RURAL\MGN_ADM_DPTO_POLITICO D:\jcbustosd\JCBUSTOSD_2021\MGN_RURAL_2021\EMPALME_MGN_2021\GDB_MGN_FINAL.gdb\MGN_RURAL\MGN_ADM_DPTO_POLITICO TEST # #</Process><Process Name="Append" ToolSource="c:\program files (x86)\arcgis\desktop10.5\ArcToolbox\Toolboxes\Data Management Tools.tbx\Append" Date="20211021" Time="110802">Append \\Dg-est003\INSUMOS_2021\ENTREGAS\91_AMAZONAS\GDB_FINAL\GDB_DPTO_91_FINAL.gdb\\MGN_RURAL\MGN_ADM_DPTO_POLITICO D:\jcbustosd\JCBUSTOSD_2021\MGN_RURAL_2021\EMPALME_MGN_2021\GDB_MGN_FINAL.gdb\MGN_RURAL\MGN_ADM_DPTO_POLITICO TEST # #</Process><Process Name="Append" ToolSource="c:\program files (x86)\arcgis\desktop10.5\ArcToolbox\Toolboxes\Data Management Tools.tbx\Append" Date="20211021" Time="110804">Append \\Dg-est003\INSUMOS_2021\ENTREGAS\94_GUAINIA\GDB_FINAL\GDB_DPTO_94_FINAL.gdb\\MGN_RURAL\MGN_ADM_DPTO_POLITICO D:\jcbustosd\JCBUSTOSD_2021\MGN_RURAL_2021\EMPALME_MGN_2021\GDB_MGN_FINAL.gdb\MGN_RURAL\MGN_ADM_DPTO_POLITICO TEST # #</Process><Process Name="Append" ToolSource="c:\program files (x86)\arcgis\desktop10.5\ArcToolbox\Toolboxes\Data Management Tools.tbx\Append" Date="20211021" Time="110805">Append \\Dg-est003\INSUMOS_2021\ENTREGAS\95_GUAVIARE\GDB_FINAL\GDB_DPTO_95_FINAL.gdb\\MGN_RURAL\MGN_ADM_DPTO_POLITICO D:\jcbustosd\JCBUSTOSD_2021\MGN_RURAL_2021\EMPALME_MGN_2021\GDB_MGN_FINAL.gdb\MGN_RURAL\MGN_ADM_DPTO_POLITICO TEST # #</Process><Process Name="Append" ToolSource="c:\program files (x86)\arcgis\desktop10.5\ArcToolbox\Toolboxes\Data Management Tools.tbx\Append" Date="20211021" Time="110806">Append \\Dg-est003\INSUMOS_2021\ENTREGAS\97_VAUPES\GDB_FINAL\GDB_DPTO_97_FINAL.gdb\\MGN_RURAL\MGN_ADM_DPTO_POLITICO D:\jcbustosd\JCBUSTOSD_2021\MGN_RURAL_2021\EMPALME_MGN_2021\GDB_MGN_FINAL.gdb\MGN_RURAL\MGN_ADM_DPTO_POLITICO TEST # #</Process><Process Name="Append" ToolSource="c:\program files (x86)\arcgis\desktop10.5\ArcToolbox\Toolboxes\Data Management Tools.tbx\Append" Date="20211021" Time="110807">Append \\Dg-est003\INSUMOS_2021\ENTREGAS\99_VICHADA\GDB_FINAL\GDB_DPTO_99_FINAL.gdb\\MGN_RURAL\MGN_ADM_DPTO_POLITICO D:\jcbustosd\JCBUSTOSD_2021\MGN_RURAL_2021\EMPALME_MGN_2021\GDB_MGN_FINAL.gdb\MGN_RURAL\MGN_ADM_DPTO_POLITICO TEST # #</Process><Process ToolSource="c:\program files (x86)\arcgis\desktop10.5\ArcToolbox\Toolboxes\Conversion Tools.tbx\FeatureClassToFeatureClass" Date="20211025" Time="234331">FeatureClassToFeatureClass E:\JEZORAH\ACTIVIDADES\BDG_MGN\VIGENCIA_2021\ESTRUCTURACION\RURAL\VERSION_II_SEMESTRE\BDG_MGN_RURAL_2021.gdb\MGN_RURAL\MGN_ADM_DPTO_POLITICO E:\JEZORAH\ACTIVIDADES\BDG_MGN\VIGENCIA_2021\ESTRUCTURACION\RURAL\VERSION_II_SEMESTRE\BDG_MGN_RURAL_2021.gdb\PRUEBA DPTO # "DPTO_CCDGO "DPTO_CCDGO
" true true false 2 Text 0 0 ,First,#,E:\JEZORAH\ACTIVIDADES\BDG_MGN\VIGENCIA_2021\ESTRUCTURACION\RURAL\VERSION_II_SEMESTRE\BDG_MGN_RURAL_2021.gdb\MGN_RURAL\MGN_ADM_DPTO_POLITICO,DPTO_CCDGO,-1,-1;DPTO_CNMBRE "DPTO_CNMBRE
" true true false 250 Text 0 0 ,First,#,E:\JEZORAH\ACTIVIDADES\BDG_MGN\VIGENCIA_2021\ESTRUCTURACION\RURAL\VERSION_II_SEMESTRE\BDG_MGN_RURAL_2021.gdb\MGN_RURAL\MGN_ADM_DPTO_POLITICO,DPTO_CNMBRE,-1,-1;DPTO_ANO_CRCN "DPTO_ANO_CRCN
" true true false 2 Short 0 0 ,First,#,E:\JEZORAH\ACTIVIDADES\BDG_MGN\VIGENCIA_2021\ESTRUCTURACION\RURAL\VERSION_II_SEMESTRE\BDG_MGN_RURAL_2021.gdb\MGN_RURAL\MGN_ADM_DPTO_POLITICO,DPTO_ANO_CRCN,-1,-1;DPTO_ACT_ADM "DPTO_ACT_ADM
" true true false 100 Text 0 0 ,First,#,E:\JEZORAH\ACTIVIDADES\BDG_MGN\VIGENCIA_2021\ESTRUCTURACION\RURAL\VERSION_II_SEMESTRE\BDG_MGN_RURAL_2021.gdb\MGN_RURAL\MGN_ADM_DPTO_POLITICO,DPTO_ACT_ADM,-1,-1;DPTO_NAREA "DPTO_NAREA
" true true false 8 Double 0 0 ,First,#,E:\JEZORAH\ACTIVIDADES\BDG_MGN\VIGENCIA_2021\ESTRUCTURACION\RURAL\VERSION_II_SEMESTRE\BDG_MGN_RURAL_2021.gdb\MGN_RURAL\MGN_ADM_DPTO_POLITICO,DPTO_NAREA,-1,-1;DPTO_CSMBLO "DPTO_CSMBLO
" true true false 3 Text 0 0 ,First,#,E:\JEZORAH\ACTIVIDADES\BDG_MGN\VIGENCIA_2021\ESTRUCTURACION\RURAL\VERSION_II_SEMESTRE\BDG_MGN_RURAL_2021.gdb\MGN_RURAL\MGN_ADM_DPTO_POLITICO,DPTO_CSMBLO,-1,-1;DPTO_VGNC "DPTO_VGNC
" true true false 2 Short 0 0 ,First,#,E:\JEZORAH\ACTIVIDADES\BDG_MGN\VIGENCIA_2021\ESTRUCTURACION\RURAL\VERSION_II_SEMESTRE\BDG_MGN_RURAL_2021.gdb\MGN_RURAL\MGN_ADM_DPTO_POLITICO,DPTO_VGNC,-1,-1;Shape_Length "Shape_Length" false true true 8 Double 0 0 ,First,#,E:\JEZORAH\ACTIVIDADES\BDG_MGN\VIGENCIA_2021\ESTRUCTURACION\RURAL\VERSION_II_SEMESTRE\BDG_MGN_RURAL_2021.gdb\MGN_RURAL\MGN_ADM_DPTO_POLITICO,Shape_Length,-1,-1;Shape_Area "Shape_Area" false true true 8 Double 0 0 ,First,#,E:\JEZORAH\ACTIVIDADES\BDG_MGN\VIGENCIA_2021\ESTRUCTURACION\RURAL\VERSION_II_SEMESTRE\BDG_MGN_RURAL_2021.gdb\MGN_RURAL\MGN_ADM_DPTO_POLITICO,Shape_Area,-1,-1" #</Process><Process ToolSource="c:\program files (x86)\arcgis\desktop10.5\ArcToolbox\Toolboxes\Conversion Tools.tbx\FeatureClassToFeatureClass" Date="20211026" Time="103812">FeatureClassToFeatureClass D:\jcbustosd\JCBUSTOSD_2021\MGN_2021_COLOMBIA\BDG_MGN_RURAL_2021.gdb\MGN_ADMINISTRATIVO\MGN_ADM_DPTO_POLITICO D:\jcbustosd\JCBUSTOSD_2021\MGN_2021_COLOMBIA\ADMINISTRATIVO MGN_DPTO_POLITICO.shp # "DPTO_CCDGO "DPTO_CCDGO
" true true false 2 Text 0 0 ,First,#,D:\jcbustosd\JCBUSTOSD_2021\MGN_2021_COLOMBIA\BDG_MGN_RURAL_2021.gdb\MGN_ADMINISTRATIVO\MGN_ADM_DPTO_POLITICO,DPTO_CCDGO,-1,-1;DPTO_CNMBR "DPTO_CNMBRE
" true true false 250 Text 0 0 ,First,#,D:\jcbustosd\JCBUSTOSD_2021\MGN_2021_COLOMBIA\BDG_MGN_RURAL_2021.gdb\MGN_ADMINISTRATIVO\MGN_ADM_DPTO_POLITICO,DPTO_CNMBRE,-1,-1;DPTO_ANO_C "DPTO_ANO_CRCN
" true true false 2 Short 0 0 ,First,#,D:\jcbustosd\JCBUSTOSD_2021\MGN_2021_COLOMBIA\BDG_MGN_RURAL_2021.gdb\MGN_ADMINISTRATIVO\MGN_ADM_DPTO_POLITICO,DPTO_ANO_CRCN,-1,-1;DPTO_ACT_A "DPTO_ACT_ADM
" true true false 100 Text 0 0 ,First,#,D:\jcbustosd\JCBUSTOSD_2021\MGN_2021_COLOMBIA\BDG_MGN_RURAL_2021.gdb\MGN_ADMINISTRATIVO\MGN_ADM_DPTO_POLITICO,DPTO_ACT_ADM,-1,-1;DPTO_NAREA "DPTO_NAREA
" true true false 8 Double 0 0 ,First,#,D:\jcbustosd\JCBUSTOSD_2021\MGN_2021_COLOMBIA\BDG_MGN_RURAL_2021.gdb\MGN_ADMINISTRATIVO\MGN_ADM_DPTO_POLITICO,DPTO_NAREA,-1,-1;DPTO_CSMBL "DPTO_CSMBLO
" true true false 3 Text 0 0 ,First,#,D:\jcbustosd\JCBUSTOSD_2021\MGN_2021_COLOMBIA\BDG_MGN_RURAL_2021.gdb\MGN_ADMINISTRATIVO\MGN_ADM_DPTO_POLITICO,DPTO_CSMBLO,-1,-1;DPTO_VGNC "DPTO_VGNC
" true true false 2 Short 0 0 ,First,#,D:\jcbustosd\JCBUSTOSD_2021\MGN_2021_COLOMBIA\BDG_MGN_RURAL_2021.gdb\MGN_ADMINISTRATIVO\MGN_ADM_DPTO_POLITICO,DPTO_VGNC,-1,-1;Shape_Leng "Shape_Leng" false true true 8 Double 0 0 ,First,#,D:\jcbustosd\JCBUSTOSD_2021\MGN_2021_COLOMBIA\BDG_MGN_RURAL_2021.gdb\MGN_ADMINISTRATIVO\MGN_ADM_DPTO_POLITICO,Shape_Length,-1,-1;Shape_Area "Shape_Area" false true true 8 Double 0 0 ,First,#,D:\jcbustosd\JCBUSTOSD_2021\MGN_2021_COLOMBIA\BDG_MGN_RURAL_2021.gdb\MGN_ADMINISTRATIVO\MGN_ADM_DPTO_POLITICO,Shape_Area,-1,-1" #</Process></lineage><itemProps><itemName Sync="TRUE">MGN_DPTO_POLITICO</itemName><imsContentType Sync="TRUE">002</imsContentType><itemLocation><linkage Sync="TRUE">file://\\DG-EST002\jcbustosd\JCBUSTOSD_2021\MGN_2021_COLOMBIA\ADMINISTRATIVO\MGN_DPTO_POLITICO.shp</linkage><protocol Sync="TRUE">Local Area Network</protocol></itemLocation><itemSize Sync="TRUE">0.000</itemSize></itemProps><coordRef><type Sync="TRUE">Geographic</type><geogcsn Sync="TRUE">GCS_MAGNA</geogcsn><csUnits Sync="TRUE">Angular Unit: Degree (0.017453)</csUnits><peXml Sync="TRUE">&lt;GeographicCoordinateSystem xsi:type='typens:GeographicCoordinateSystem' xmlns:xsi='http://www.w3.org/2001/XMLSchema-instance' xmlns:xs='http://www.w3.org/2001/XMLSchema' xmlns:typens='http://www.esri.com/schemas/ArcGIS/10.5'&gt;&lt;WKT&gt;GEOGCS[&amp;quot;GCS_MAGNA&amp;quot;,DATUM[&amp;quot;D_MAGNA&amp;quot;,SPHEROID[&amp;quot;GRS_1980&amp;quot;,6378137.0,298.257222101]],PRIMEM[&amp;quot;Greenwich&amp;quot;,0.0],UNIT[&amp;quot;Degree&amp;quot;,0.0174532925199433],AUTHORITY[&amp;quot;EPSG&amp;quot;,4686]]&lt;/WKT&gt;&lt;XOrigin&gt;-400&lt;/XOrigin&gt;&lt;YOrigin&gt;-400&lt;/YOrigin&gt;&lt;XYScale&gt;11258999068426.238&lt;/XYScale&gt;&lt;ZOrigin&gt;-100000&lt;/ZOrigin&gt;&lt;ZScale&gt;10000&lt;/ZScale&gt;&lt;MOrigin&gt;-100000&lt;/MOrigin&gt;&lt;MScale&gt;10000&lt;/MScale&gt;&lt;XYTolerance&gt;8.9831528411952133e-009&lt;/XYTolerance&gt;&lt;ZTolerance&gt;0.001&lt;/ZTolerance&gt;&lt;MTolerance&gt;0.001&lt;/MTolerance&gt;&lt;HighPrecision&gt;true&lt;/HighPrecision&gt;&lt;LeftLongitude&gt;-180&lt;/LeftLongitude&gt;&lt;WKID&gt;4686&lt;/WKID&gt;&lt;LatestWKID&gt;4686&lt;/LatestWKID&gt;&lt;/GeographicCoordinateSystem&gt;</peXml></coordRef></DataProperties><SyncDate>20211026</SyncDate><SyncTime>10380900</SyncTime><ModDate>20211026</ModDate><ModTime>10380900</ModTime></Esri><dataIdInfo><envirDesc Sync="TRUE"> Version 6.2 (Build 9200) ; Esri ArcGIS 10.5.1.7333</envirDesc><dataLang><languageCode value="spa" Sync="TRUE"></languageCode><countryCode value="COL" Sync="TRUE"></countryCode></dataLang><idCitation><resTitle Sync="TRUE">MGN_DPTO_POLITICO</resTitle><presForm><PresFormCd value="005" Sync="TRUE"></PresFormCd></presForm></idCitation><spatRpType><SpatRepTypCd value="001" Sync="TRUE"></SpatRepTypCd></spatRpType></dataIdInfo><mdLang><languageCode value="spa" Sync="TRUE"></languageCode><countryCode value="COL" Sync="TRUE"></countryCode></mdLang><distInfo><distFormat><formatName Sync="TRUE">Shapefile</formatName></distFormat><distTranOps><transSize Sync="TRUE">0.000</transSize></distTranOps></distInfo><mdHrLv><ScopeCd value="005" Sync="TRUE"></ScopeCd></mdHrLv><mdHrLvName Sync="TRUE">dataset</mdHrLvName><refSysInfo><RefSystem><refSysID><identCode code="4686" Sync="TRUE"></identCode><idCodeSpace Sync="TRUE">EPSG</idCodeSpace><idVersion Sync="TRUE">7.6.4(9.2.0)</idVersion></refSysID></RefSystem></refSysInfo><spatRepInfo><VectSpatRep><geometObjs Name="MGN_DPTO_POLITICO"><geoObjTyp><GeoObjTypCd value="002" Sync="TRUE"></GeoObjTypCd></geoObjTyp><geoObjCnt Sync="TRUE">0</geoObjCnt></geometObjs><topLvl><TopoLevCd value="001" Sync="TRUE"></TopoLevCd></topLvl></VectSpatRep></spatRepInfo><spdoinfo><ptvctinf><esriterm Name="MGN_DPTO_POLITICO"><efeatyp Sync="TRUE">Simple</efeatyp><efeageom code="4" Sync="TRUE"></efeageom><esritopo Sync="TRUE">FALSE</esritopo><efeacnt Sync="TRUE">0</efeacnt><spindex Sync="TRUE">FALSE</spindex><linrefer Sync="TRUE">FALSE</linrefer></esriterm></ptvctinf></spdoinfo><eainfo><detailed Name="MGN_DPTO_POLITICO"><enttyp><enttypl Sync="TRUE">MGN_DPTO_POLITICO</enttypl><enttypt Sync="TRUE">Feature Class</enttypt><enttypc Sync="TRUE">0</enttypc></enttyp><attr><attrlabl Sync="TRUE">FID</attrlabl><attalias Sync="TRUE">FID</attalias><attrtype Sync="TRUE">OID</attrtype><attwidth Sync="TRUE">4</attwidth><atprecis Sync="TRUE">0</atprecis><attscale Sync="TRUE">0</attscale><attrdef Sync="TRUE">Internal feature number.</attrdef><attrdefs Sync="TRUE">Esri</attrdefs><attrdomv><udom Sync="TRUE">Sequential unique whole numbers that are automatically generated.</udom></attrdomv></attr><attr><attrlabl Sync="TRUE">Shape</attrlabl><attalias Sync="TRUE">Shape</attalias><attrtype Sync="TRUE">Geometry</attrtype><attwidth Sync="TRUE">0</attwidth><atprecis Sync="TRUE">0</atprecis><attscale Sync="TRUE">0</attscale><attrdef Sync="TRUE">Feature geometry.</attrdef><attrdefs Sync="TRUE">Esri</attrdefs><attrdomv><udom Sync="TRUE">Coordinates defining the features.</udom></attrdomv></attr><attr><attrlabl Sync="TRUE">DPTO_CCDGO</attrlabl><attalias Sync="TRUE">DPTO_CCDGO</attalias><attrtype Sync="TRUE">String</attrtype><attwidth Sync="TRUE">2</attwidth><atprecis Sync="TRUE">0</atprecis><attscale Sync="TRUE">0</attscale></attr><attr><attrlabl Sync="TRUE">DPTO_CNMBR</attrlabl><attalias Sync="TRUE">DPTO_CNMBR</attalias><attrtype Sync="TRUE">String</attrtype><attwidth Sync="TRUE">250</attwidth><atprecis Sync="TRUE">0</atprecis><attscale Sync="TRUE">0</attscale></attr><attr><attrlabl Sync="TRUE">DPTO_ANO_C</attrlabl><attalias Sync="TRUE">DPTO_ANO_C</attalias><attrtype Sync="TRUE">Integer</attrtype><attwidth Sync="TRUE">5</attwidth><atprecis Sync="TRUE">5</atprecis><attscale Sync="TRUE">0</attscale></attr><attr><attrlabl Sync="TRUE">DPTO_ACT_A</attrlabl><attalias Sync="TRUE">DPTO_ACT_A</attalias><attrtype Sync="TRUE">String</attrtype><attwidth Sync="TRUE">100</attwidth><atprecis Sync="TRUE">0</atprecis><attscale Sync="TRUE">0</attscale></attr><attr><attrlabl Sync="TRUE">DPTO_NAREA</attrlabl><attalias Sync="TRUE">DPTO_NAREA</attalias><attrtype Sync="TRUE">Double</attrtype><attwidth Sync="TRUE">19</attwidth><atprecis Sync="TRUE">0</atprecis><attscale Sync="TRUE">0</attscale></attr><attr><attrlabl Sync="TRUE">DPTO_CSMBL</attrlabl><attalias Sync="TRUE">DPTO_CSMBL</attalias><attrtype Sync="TRUE">String</attrtype><attwidth Sync="TRUE">3</attwidth><atprecis Sync="TRUE">0</atprecis><attscale Sync="TRUE">0</attscale></attr><attr><attrlabl Sync="TRUE">DPTO_VGNC</attrlabl><attalias Sync="TRUE">DPTO_VGNC</attalias><attrtype Sync="TRUE">Integer</attrtype><attwidth Sync="TRUE">5</attwidth><atprecis Sync="TRUE">5</atprecis><attscale Sync="TRUE">0</attscale></attr><attr><attrlabl Sync="TRUE">Shape_Leng</attrlabl><attalias Sync="TRUE">Shape_Leng</attalias><attrtype Sync="TRUE">Double</attrtype><attwidth Sync="TRUE">19</attwidth><atprecis Sync="TRUE">0</atprecis><attscale Sync="TRUE">0</attscale></attr><attr><attrlabl Sync="TRUE">Shape_Area</attrlabl><attalias Sync="TRUE">Shape_Area</attalias><attrtype Sync="TRUE">Double</attrtype><attwidth Sync="TRUE">19</attwidth><atprecis Sync="TRUE">0</atprecis><attscale Sync="TRUE">0</attscale><attrdef Sync="TRUE">Area of feature in internal units squared.</attrdef><attrdefs Sync="TRUE">Esri</attrdefs><attrdomv><udom Sync="TRUE">Positive real numbers that are automatically generated.</udom></attrdomv></attr></detailed></eainfo><mdDateSt Sync="TRUE">20211026</mdDateSt></metadata>
