<?xml version="1.0"?>
<metadata xml:lang="es"><Esri><CreaDate>20220902</CreaDate><CreaTime>14434700</CreaTime><SyncOnce>TRUE</SyncOnce><ArcGISFormat>1.0</ArcGISFormat><DataProperties><itemProps><itemLocation><linkage Sync="TRUE">file://\\ACER311020EDGAR\D$\PORCALCULO_TRABAJO\LIBROS_PYTHON\Datos\Capitales</linkage><protocol Sync="TRUE">Local Area Network</protocol></itemLocation></itemProps><copyHistory><copy source="D:\PORCALCULO_TRABAJO\LIBROS_PYTHON\Datos\Results\Capitales" dest="\\ACER311020EDGAR\D$\PORCALCULO_TRABAJO\LIBROS_PYTHON\Datos\Capitales" date="20220902" time="14450900"></copy></copyHistory></DataProperties></Esri></metadata>
